id,key,value,type
358366452,ele,2,regular
358366452,name,Duncans Bluff,regular
358366452,natural,cliff,regular
358366452,created,06/04/1980,gnis
358366452,state_id,22,gnis
358366452,county_id,063,gnis
358366452,feature_id,534654,gnis
358372166,ele,0,regular
358372166,name,Shell Beach,regular
358372166,natural,beach,regular
358372166,created,06/04/1980,gnis
358372166,state_id,22,gnis
358372166,county_id,057,gnis
358372166,feature_id,539316,gnis
358377272,ele,3,regular
358377272,name,Rose Mound,regular
358377272,natural,peak,regular
358377272,created,06/04/1980,gnis
358377272,state_id,22,gnis
358377272,county_id,063,gnis
358377272,feature_id,543628,gnis
358394403,ele,1,regular
358394403,name,Hell Pass Coast,regular
358394403,natural,beach,regular
358394403,created,06/04/1980,gnis
358394403,state_id,22,gnis
358394403,county_id,087,gnis
358394403,feature_id,560952,gnis
358394528,ele,1,regular
358394528,name,Magnolia Mound,regular
358394528,natural,peak,regular
358394528,created,06/04/1980,gnis
358394528,state_id,22,gnis
358394528,county_id,087,gnis
358394528,feature_id,1627597,gnis
358394976,ele,-1,regular
358394976,name,Olimpic Beach,regular
358394976,natural,beach,regular
358394976,created,01/01/2000,gnis
358394976,state_id,22,gnis
358394976,county_id,103,gnis
358394976,feature_id,1628550,gnis
358395580,ele,1,regular
358395580,name,Mount Saint Malo,regular
358395580,natural,peak,regular
358395580,created,03/01/1994,gnis
358395580,state_id,22,gnis
358395580,county_id,087,gnis
358395580,feature_id,1629356,gnis
368385864,ele,3,regular
368385864,name,Devils Swamp,regular
368385864,natural,wetland,regular
368385864,state,MS,addr
368385864,created,09/24/1980,gnis
368385864,feature_id,669242,gnis
368385864,county_name,Hancock,gnis
368385864,feature_type,Swamp,gnis
368385866,ele,10,regular
368385866,name,Double Bay,regular
368385866,natural,wetland,regular
368385866,state,MS,addr
368385866,created,09/24/1980,gnis
368385866,feature_id,669341,gnis
368385866,county_name,Hancock,gnis
368385866,feature_type,Swamp,gnis
368385896,ele,0,regular
368385896,name,Jackson Marsh,regular
368385896,natural,wetland,regular
368385896,state,MS,addr
368385896,created,09/24/1980,gnis
368385896,feature_id,671783,gnis
368385896,county_name,Hancock,gnis
368385896,feature_type,Swamp,gnis
368385902,ele,8,regular
368385902,name,Josephs Bay,regular
368385902,natural,wetland,regular
368385902,state,MS,addr
368385902,created,09/24/1980,gnis
368385902,feature_id,672036,gnis
368385902,county_name,Hancock,gnis
368385902,feature_type,Swamp,gnis
368385904,ele,0,regular
368385904,name,Little Bay,regular
368385904,natural,bay,regular
368385904,state,MS,addr
368385904,created,09/24/1980,gnis
368385904,feature_id,672534,gnis
368385904,county_name,Harrison,gnis
368385904,feature_type,Bay,gnis
368385927,ele,4,regular
368385927,name,Lower Devils Swamp,regular
368385927,natural,wetland,regular
368385927,state,MS,addr
368385927,created,09/24/1980,gnis
368385927,feature_id,672913,gnis
368385927,county_name,Hancock,gnis
368385927,feature_type,Swamp,gnis
368385934,ele,2,regular
368385934,name,Mud Bayou,regular
368385934,natural,wetland,regular
368385934,state,MS,addr
368385934,created,09/24/1980,gnis
368385934,feature_id,674425,gnis
368385934,county_name,Hancock,gnis
368385934,feature_type,Swamp,gnis
368385962,ele,0,regular
368385962,name,Whitfield Bight,regular
368385962,natural,bay,regular
368385962,state,MS,addr
368385962,created,09/24/1980,gnis
368385962,feature_id,679644,gnis
368385962,county_name,Harrison,gnis
368385962,feature_type,Bay,gnis
368386121,ele,1,regular
368386121,name,Murdocks Eddy,regular
368386121,natural,bay,regular
368386121,state,MS,addr
368386121,created,12/01/2003,gnis
368386121,feature_id,689515,gnis
368386121,county_name,Hancock,gnis
368386121,feature_type,Bay,gnis
368386166,ele,0,regular
368386166,name,Saint Louis Bay,regular
368386166,natural,bay,regular
368386166,state,MS,addr
368386166,created,09/24/1980,gnis
368386166,feature_id,691608,gnis
368386166,county_name,Hancock,gnis
368386166,feature_type,Bay,gnis
368386206,ele,0,regular
368386206,name,Heron Bay,regular
368386206,natural,bay,regular
368386206,state,MS,addr
368386206,created,09/24/1980,gnis
368386206,feature_id,711736,gnis
368386206,county_name,Hancock,gnis
368386206,feature_type,Bay,gnis
368386207,ele,0,regular
368386207,name,Lake Borgne,regular
368386207,natural,bay,regular
368386207,state,LA,addr
368386207,created,06/04/1980,gnis
368386207,feature_id,1629919,gnis
368386207,county_name,St. Bernard,gnis
368386207,feature_type,Bay,gnis
369011298,ele,0,regular
369011298,name,Alexis Bay,regular
369011298,natural,bay,regular
369011298,state,LA,addr
369011298,created,06/04/1980,gnis
369011298,feature_id,532106,gnis
369011298,county_name,Plaquemines,gnis
369011298,feature_type,Bay,gnis
369011308,ele,0,regular
369011308,name,Allen Bay,regular
369011308,natural,bay,regular
369011308,state,LA,addr
369011308,created,06/04/1980,gnis
369011308,feature_id,532113,gnis
369011308,county_name,Plaquemines,gnis
369011308,feature_type,Bay,gnis
369011310,ele,0,regular
369011310,name,Lake Grand Ecaille,regular
369011310,natural,bay,regular
369011310,state,LA,addr
369011310,created,06/04/1980,gnis
369011310,feature_id,532126,gnis
369011310,county_name,Plaquemines,gnis
369011310,feature_type,Bay,gnis
369011336,ele,0,regular
369011336,name,American Bay,regular
369011336,natural,bay,regular
369011336,state,LA,addr
369011336,created,06/04/1980,gnis
369011336,feature_id,532152,gnis
369011336,county_name,Plaquemines,gnis
369011336,feature_type,Bay,gnis
369011341,ele,0,regular
369011341,name,Anderson Bay,regular
369011341,natural,bay,regular
369011341,state,LA,addr
369011341,created,06/04/1980,gnis
369011341,feature_id,532160,gnis
369011341,county_name,Plaquemines,gnis
369011341,feature_type,Bay,gnis
369011346,ele,0,regular
369011346,name,Andres Pond,regular
369011346,natural,bay,regular
369011346,state,LA,addr
369011346,created,06/04/1980,gnis
369011346,feature_id,532168,gnis
369011346,county_name,Plaquemines,gnis
369011346,feature_type,Bay,gnis
369011350,ele,0,regular
369011350,name,Auguste Bay,regular
369011350,natural,bay,regular
369011350,state,LA,addr
369011350,created,06/04/1980,gnis
369011350,feature_id,532247,gnis
369011350,county_name,Plaquemines,gnis
369011350,feature_type,Bay,gnis
369011356,ele,0,regular
369011356,name,Baie Chevreuil,regular
369011356,natural,bay,regular
369011356,state,LA,addr
369011356,source_ref,geonames.usgs.gov,regular
369011356,created,06/04/1980,gnis
369011356,feature_id,532275,gnis
369011356,county_name,Lafourche,gnis
369011356,feature_type,Bay,gnis
369011362,ele,0,regular
369011362,name,Bassa Bassa Bay,regular
369011362,natural,bay,regular
369011362,state,LA,addr
369011362,created,06/04/1980,gnis
369011362,feature_id,532326,gnis
369011362,county_name,Jefferson,gnis
369011362,feature_type,Bay,gnis
369011371,ele,0,regular
369011371,name,Bastian Lake,regular
369011371,natural,bay,regular
369011371,state,LA,addr
369011371,created,06/04/1980,gnis
369011371,feature_id,532330,gnis
369011371,county_name,Plaquemines,gnis
369011371,feature_type,Bay,gnis
369011375,ele,0,regular
369011375,name,Bastian Bay,regular
369011375,natural,bay,regular
369011375,state,LA,addr
369011375,created,06/04/1980,gnis
369011375,feature_id,532327,gnis
369011375,county_name,Plaquemines,gnis
369011375,feature_type,Bay,gnis
369011385,ele,0,regular
369011385,name,Battle Ground Bay,regular
369011385,natural,bay,regular
369011385,state,LA,addr
369011385,created,06/04/1980,gnis
369011385,feature_id,532337,gnis
369011385,county_name,Plaquemines,gnis
369011385,feature_type,Bay,gnis
369011393,ele,0,regular
369011393,name,Bay Baptiste,regular
369011393,natural,bay,regular
369011393,state,LA,addr
369011393,source_ref,geonames.usgs.gov,regular
369011393,created,06/04/1980,gnis
369011393,feature_id,532347,gnis
369011393,county_name,Terrebonne,gnis
369011393,feature_type,Bay,gnis
369011399,ele,0,regular
369011399,name,Bay la Mer,regular
369011399,natural,bay,regular
369011399,state,LA,addr
369011399,created,06/04/1980,gnis
369011399,feature_id,532345,gnis
369011399,county_name,Plaquemines,gnis
369011399,feature_type,Bay,gnis
369011409,ele,0,regular
369011409,name,Bay Batiste,regular
369011409,natural,bay,regular
369011409,state,LA,addr
369011409,created,06/04/1980,gnis
369011409,feature_id,532348,gnis
369011409,county_name,Plaquemines,gnis
369011409,feature_type,Bay,gnis
369011422,ele,0,regular
369011422,name,Bay Carrion Crow,regular
369011422,natural,bay,regular
369011422,state,LA,addr
369011422,created,06/04/1980,gnis
369011422,feature_id,532351,gnis
369011422,county_name,Plaquemines,gnis
369011422,feature_type,Bay,gnis
369011427,ele,0,regular
369011427,name,Bay Chaland,regular
369011427,natural,bay,regular
369011427,state,LA,addr
369011427,source_ref,geonames.usgs.gov,regular
369011427,created,06/04/1980,gnis
369011427,feature_id,532354,gnis
369011427,county_name,Terrebonne,gnis
369011427,feature_type,Bay,gnis
369011430,ele,0,regular
369011430,name,Bay Chaland,regular
369011430,natural,bay,regular
369011430,state,LA,addr
369011430,created,06/04/1980,gnis
369011430,feature_id,532353,gnis
369011430,county_name,Plaquemines,gnis
369011430,feature_type,Bay,gnis
369011435,ele,0,regular
369011435,name,Bay Cheri,regular
369011435,natural,bay,regular
369011435,state,LA,addr
369011435,created,06/04/1980,gnis
369011435,feature_id,532356,gnis
369011435,county_name,Plaquemines,gnis
369011435,feature_type,Bay,gnis
369011438,ele,1,regular
369011438,name,Bay Cheniere Ronquille,regular
369011438,natural,bay,regular
369011438,state,LA,addr
369011438,created,06/04/1980,gnis
369011438,feature_id,532355,gnis
369011438,county_name,Plaquemines,gnis
369011438,feature_type,Bay,gnis
369011441,ele,0,regular
369011441,name,Bay Desespere,regular
369011441,natural,bay,regular
369011441,state,LA,addr
369011441,source_ref,geonames.usgs.gov,regular
369011441,created,06/04/1980,gnis
369011441,feature_id,532359,gnis
369011441,county_name,Lafourche,gnis
369011441,feature_type,Bay,gnis
369011446,ele,0,regular
369011446,name,Bay Dispute,regular
369011446,natural,bay,regular
369011446,state,LA,addr
369011446,created,06/04/1980,gnis
369011446,feature_id,532360,gnis
369011446,county_name,Plaquemines,gnis
369011446,feature_type,Bay,gnis
369011449,ele,0,regular
369011449,name,Bay Coquette,regular
369011449,natural,bay,regular
369011449,state,LA,addr
369011449,created,06/04/1980,gnis
369011449,feature_id,532357,gnis
369011449,county_name,Plaquemines,gnis
369011449,feature_type,Bay,gnis
369011453,ele,0,regular
369011453,name,Bay Crapaud,regular
369011453,natural,bay,regular
369011453,state,LA,addr
369011453,created,06/04/1980,gnis
369011453,feature_id,532358,gnis
369011453,county_name,Plaquemines,gnis
369011453,feature_type,Bay,gnis
369011459,ele,0,regular
369011459,name,Bay Jimmy,regular
369011459,natural,bay,regular
369011459,state,LA,addr
369011459,created,06/04/1980,gnis
369011459,feature_id,532365,gnis
369011459,county_name,Plaquemines,gnis
369011459,feature_type,Bay,gnis
369011478,ele,-1,regular
369011478,name,Bay Jaune,regular
369011478,natural,bay,regular
369011478,state,LA,addr
369011478,created,06/04/1980,gnis
369011478,feature_id,532363,gnis
369011478,county_name,Orleans,gnis
369011478,feature_type,Bay,gnis
369011485,ele,0,regular
369011485,name,Bay Lizette,regular
369011485,natural,bay,regular
369011485,state,LA,addr
369011485,source_ref,geonames.usgs.gov,regular
369011485,created,06/04/1980,gnis
369011485,feature_id,532370,gnis
369011485,county_name,Lafourche,gnis
369011485,feature_type,Bay,gnis
369011488,ele,0,regular
369011488,name,Bay Long,regular
369011488,natural,bay,regular
369011488,state,LA,addr
369011488,created,06/04/1980,gnis
369011488,feature_id,532371,gnis
369011488,county_name,Plaquemines,gnis
369011488,feature_type,Bay,gnis
369011492,ele,0,regular
369011492,name,Bay La Fourche,regular
369011492,natural,bay,regular
369011492,state,LA,addr
369011492,created,06/04/1980,gnis
369011492,feature_id,532368,gnis
369011492,county_name,Plaquemines,gnis
369011492,feature_type,Bay,gnis
369011495,ele,0,regular
369011495,name,Bay La Mer,regular
369011495,natural,bay,regular
369011495,state,LA,addr
369011495,created,06/04/1980,gnis
369011495,feature_id,532369,gnis
369011495,county_name,Plaquemines,gnis
369011495,feature_type,Bay,gnis
369011500,ele,1,regular
369011500,name,Bay Marchand,regular
369011500,natural,bay,regular
369011500,state,LA,addr
369011500,source_ref,geonames.usgs.gov,regular
369011500,created,06/04/1980,gnis
369011500,feature_id,532374,gnis
369011500,county_name,Lafourche,gnis
369011500,feature_type,Bay,gnis
369011508,ele,0,regular
369011508,name,Bay Melville,regular
369011508,natural,bay,regular
369011508,state,LA,addr
369011508,created,06/04/1980,gnis
369011508,feature_id,532375,gnis
369011508,county_name,Plaquemines,gnis
369011508,feature_type,Bay,gnis
369011516,ele,0,regular
369011516,name,Bay Lost Reef,regular
369011516,natural,bay,regular
369011516,state,LA,addr
369011516,source_ref,geonames.usgs.gov,regular
369011516,created,06/04/1980,gnis
369011516,feature_id,532372,gnis
369011516,county_name,Terrebonne,gnis
369011516,feature_type,Bay,gnis
369011527,ele,0,regular
369011527,name,Bay Ronquille,regular
369011527,natural,bay,regular
369011527,state,LA,addr
369011527,created,06/04/1980,gnis
369011527,feature_id,532380,gnis
369011527,county_name,Plaquemines,gnis
369011527,feature_type,Bay,gnis
369011538,ele,0,regular
369011538,name,Bay of River Aux Chenes,regular
369011538,natural,bay,regular
369011538,state,LA,addr
369011538,created,06/04/1980,gnis
369011538,feature_id,532377,gnis
369011538,county_name,Plaquemines,gnis
369011538,feature_type,Bay,gnis
369011550,ele,0,regular
369011550,name,Bay Tambour,regular
369011550,natural,bay,regular
369011550,state,LA,addr
369011550,source_ref,geonames.usgs.gov,regular
369011550,created,06/04/1980,gnis
369011550,feature_id,532389,gnis
369011550,county_name,Lafourche,gnis
369011550,feature_type,Bay,gnis
369011592,ele,0,regular
369011592,name,Bay Welsh,regular
369011592,natural,bay,regular
369011592,state,LA,addr
369011592,source_ref,geonames.usgs.gov,regular
369011592,created,06/04/1980,gnis
369011592,feature_id,532392,gnis
369011592,county_name,Terrebonne,gnis
369011592,feature_type,Bay,gnis
369011608,ele,0,regular
369011608,name,Bay Tambour,regular
369011608,natural,bay,regular
369011608,state,LA,addr
369011608,created,06/04/1980,gnis
369011608,feature_id,532390,gnis
369011608,county_name,Plaquemines,gnis
369011608,feature_type,Bay,gnis
369011618,ele,0,regular
369011618,name,Bel Pass Bay,regular
369011618,natural,bay,regular
369011618,state,LA,addr
369011618,created,06/04/1980,gnis
369011618,feature_id,532897,gnis
369011618,county_name,Plaquemines,gnis
369011618,feature_type,Bay,gnis
369011643,ele,0,regular
369011643,name,Bayou Jack Bend,regular
369011643,natural,bay,regular
369011643,state,LA,addr
369011643,created,06/04/1980,gnis
369011643,feature_id,532635,gnis
369011643,county_name,Plaquemines,gnis
369011643,feature_type,Bay,gnis
369011648,ele,0,regular
369011648,name,Bennies Pond,regular
369011648,natural,bay,regular
369011648,state,LA,addr
369011648,created,06/04/1980,gnis
369011648,feature_id,532944,gnis
369011648,county_name,Plaquemines,gnis
369011648,feature_type,Bay,gnis
369011668,ele,-2,regular
369011668,name,Bienvenue Inside Pond,regular
369011668,natural,bay,regular
369011668,state,LA,addr
369011668,created,06/04/1980,gnis
369011668,feature_id,533014,gnis
369011668,county_name,Plaquemines,gnis
369011668,feature_type,Bay,gnis
369011678,ele,-1,regular
369011678,name,Bell Pond,regular
369011678,natural,bay,regular
369011678,state,LA,addr
369011678,created,06/04/1980,gnis
369011678,feature_id,532917,gnis
369011678,county_name,Plaquemines,gnis
369011678,feature_type,Bay,gnis
369011685,ele,-2,regular
369011685,name,Benedict Outside Pond,regular
369011685,natural,bay,regular
369011685,state,LA,addr
369011685,created,06/04/1980,gnis
369011685,feature_id,532933,gnis
369011685,county_name,Plaquemines,gnis
369011685,feature_type,Bay,gnis
369011692,ele,0,regular
369011692,name,Benneys Bay,regular
369011692,natural,bay,regular
369011692,state,LA,addr
369011692,created,06/04/1980,gnis
369011692,feature_id,532942,gnis
369011692,county_name,Plaquemines,gnis
369011692,feature_type,Bay,gnis
369011746,ele,0,regular
369011746,name,Bienvenue Outside Pond,regular
369011746,natural,bay,regular
369011746,state,LA,addr
369011746,created,06/04/1980,gnis
369011746,feature_id,533015,gnis
369011746,county_name,Plaquemines,gnis
369011746,feature_type,Bay,gnis
369011819,ele,0,regular
369011819,name,Black Bay,regular
369011819,natural,bay,regular
369011819,state,LA,addr
369011819,created,06/04/1980,gnis
369011819,feature_id,533153,gnis
369011819,county_name,Plaquemines,gnis
369011819,feature_type,Bay,gnis
369011838,ele,-1,regular
369011838,name,Big Pond,regular
369011838,natural,bay,regular
369011838,state,LA,addr
369011838,created,06/04/1980,gnis
369011838,feature_id,533100,gnis
369011838,county_name,Plaquemines,gnis
369011838,feature_type,Bay,gnis
369011844,ele,0,regular
369011844,name,Billy Goat Bay,regular
369011844,natural,bay,regular
369011844,state,LA,addr
369011844,source_ref,geonames.usgs.gov,regular
369011844,created,06/04/1980,gnis
369011844,feature_id,533125,gnis
369011844,county_name,Terrebonne,gnis
369011844,feature_type,Bay,gnis
369011852,ele,0,regular
369011852,name,Billet Bay,regular
369011852,natural,bay,regular
369011852,state,LA,addr
369011852,created,06/04/1980,gnis
369011852,feature_id,533121,gnis
369011852,county_name,Plaquemines,gnis
369011852,feature_type,Bay,gnis
369011862,ele,0,regular
369011862,name,Bob Taylors Pond,regular
369011862,natural,bay,regular
369011862,state,LA,addr
369011862,created,06/04/1980,gnis
369011862,feature_id,533251,gnis
369011862,county_name,Plaquemines,gnis
369011862,feature_type,Bay,gnis
369011888,ele,13,regular
369011888,name,Boggy Baygall,regular
369011888,natural,wetland,regular
369011888,state,LA,addr
369011888,source_ref,geonames.usgs.gov,regular
369011888,created,06/04/1980,gnis
369011888,feature_id,533268,gnis
369011888,county_name,Livingston,gnis
369011888,feature_type,Swamp,gnis
369011894,ele,0,regular
369011894,name,Blind Bay,regular
369011894,natural,bay,regular
369011894,state,LA,addr
369011894,created,06/04/1980,gnis
369011894,feature_id,533212,gnis
369011894,county_name,Jefferson,gnis
369011894,feature_type,Bay,gnis
369011931,ele,2,regular
369011931,name,Bluewing Pond,regular
369011931,natural,bay,regular
369011931,state,LA,addr
369011931,created,06/04/1980,gnis
369011931,feature_id,533243,gnis
369011931,county_name,Plaquemines,gnis
369011931,feature_type,Bay,gnis
369012007,ele,0,regular
369012007,name,Bottle Bayou Pond,regular
369012007,natural,bay,regular
369012007,state,LA,addr
369012007,created,06/04/1980,gnis
369012007,feature_id,533341,gnis
369012007,county_name,Plaquemines,gnis
369012007,feature_type,Bay,gnis
369012018,ele,-1,regular
369012018,name,Buoy Pond,regular
369012018,natural,bay,regular
369012018,state,LA,addr
369012018,created,06/04/1980,gnis
369012018,feature_id,533548,gnis
369012018,county_name,Plaquemines,gnis
369012018,feature_type,Bay,gnis
369012027,ele,0,regular
369012027,name,Buras Pond,regular
369012027,natural,bay,regular
369012027,state,LA,addr
369012027,created,06/04/1980,gnis
369012027,feature_id,533552,gnis
369012027,county_name,Plaquemines,gnis
369012027,feature_type,Bay,gnis
369012040,ele,0,regular
369012040,name,Bull Bay,regular
369012040,natural,bay,regular
369012040,state,LA,addr
369012040,created,06/04/1980,gnis
369012040,feature_id,533522,gnis
369012040,county_name,Plaquemines,gnis
369012040,feature_type,Bay,gnis
369012062,ele,0,regular
369012062,name,Bucks Bay,regular
369012062,natural,bay,regular
369012062,state,LA,addr
369012062,created,06/04/1980,gnis
369012062,feature_id,533509,gnis
369012062,county_name,Plaquemines,gnis
369012062,feature_type,Bay,gnis
369012084,ele,0,regular
369012084,name,Bucket Bend,regular
369012084,natural,bay,regular
369012084,state,LA,addr
369012084,created,06/04/1980,gnis
369012084,feature_id,533501,gnis
369012084,county_name,Plaquemines,gnis
369012084,feature_type,Bay,gnis
369012091,ele,0,regular
369012091,name,Camps Pond,regular
369012091,natural,bay,regular
369012091,state,LA,addr
369012091,created,06/04/1980,gnis
369012091,feature_id,533673,gnis
369012091,county_name,Plaquemines,gnis
369012091,feature_type,Bay,gnis
369012097,ele,0,regular
369012097,name,California Bay,regular
369012097,natural,bay,regular
369012097,state,LA,addr
369012097,created,06/04/1980,gnis
369012097,feature_id,533629,gnis
369012097,county_name,Plaquemines,gnis
369012097,feature_type,Bay,gnis
369012177,ele,0,regular
369012177,name,Cat Bay,regular
369012177,natural,bay,regular
369012177,state,LA,addr
369012177,created,06/04/1980,gnis
369012177,feature_id,533814,gnis
369012177,county_name,Plaquemines,gnis
369012177,feature_type,Bay,gnis
369012183,ele,0,regular
369012183,name,Carencro Bay,regular
369012183,natural,bay,regular
369012183,state,LA,addr
369012183,created,06/04/1980,gnis
369012183,feature_id,533763,gnis
369012183,county_name,Plaquemines,gnis
369012183,feature_type,Bay,gnis
369012199,ele,-1,regular
369012199,name,Cane Pond,regular
369012199,natural,bay,regular
369012199,state,LA,addr
369012199,created,06/04/1980,gnis
369012199,feature_id,533715,gnis
369012199,county_name,Plaquemines,gnis
369012199,feature_type,Bay,gnis
369012205,ele,0,regular
369012205,name,Coal Tar Bay,regular
369012205,natural,bay,regular
369012205,state,LA,addr
369012205,source_ref,geonames.usgs.gov,regular
369012205,created,06/04/1980,gnis
369012205,feature_id,534011,gnis
369012205,county_name,Lafourche,gnis
369012205,feature_type,Bay,gnis
369012211,ele,0,regular
369012211,name,Club Pond,regular
369012211,natural,bay,regular
369012211,state,LA,addr
369012211,created,06/04/1980,gnis
369012211,feature_id,534008,gnis
369012211,county_name,Plaquemines,gnis
369012211,feature_type,Bay,gnis
369012221,ele,4,regular
369012221,name,Cockler Bay,regular
369012221,natural,bay,regular
369012221,state,LA,addr
369012221,created,06/04/1980,gnis
369012221,feature_id,534019,gnis
369012221,county_name,Plaquemines,gnis
369012221,feature_type,Bay,gnis
369012227,ele,0,regular
369012227,name,Chinaman Bayou,regular
369012227,natural,bay,regular
369012227,state,LA,addr
369012227,source_ref,geonames.usgs.gov,regular
369012227,created,06/04/1980,gnis
369012227,feature_id,533923,gnis
369012227,county_name,Lafourche,gnis
369012227,feature_type,Bay,gnis
369012230,ele,-1,regular
369012230,name,Christie Pond,regular
369012230,natural,bay,regular
369012230,state,LA,addr
369012230,created,06/04/1980,gnis
369012230,feature_id,533947,gnis
369012230,county_name,Plaquemines,gnis
369012230,feature_type,Bay,gnis
369012243,ele,0,regular
369012243,name,Cyprien Bay,regular
369012243,natural,bay,regular
369012243,state,LA,addr
369012243,created,06/04/1980,gnis
369012243,feature_id,534379,gnis
369012243,county_name,Plaquemines,gnis
369012243,feature_type,Bay,gnis
369012246,ele,-2,regular
369012246,name,Coon Outside Pond,regular
369012246,natural,bay,regular
369012246,state,LA,addr
369012246,created,06/04/1980,gnis
369012246,feature_id,534111,gnis
369012246,county_name,Plaquemines,gnis
369012246,feature_type,Bay,gnis
369012248,ele,0,regular
369012248,name,Cox Bay,regular
369012248,natural,bay,regular
369012248,state,LA,addr
369012248,created,06/04/1980,gnis
369012248,feature_id,534221,gnis
369012248,county_name,Plaquemines,gnis
369012248,feature_type,Bay,gnis
369012249,ele,0,regular
369012249,name,Bay Crabe,regular
369012249,natural,bay,regular
369012249,state,LA,addr
369012249,created,06/04/1980,gnis
369012249,feature_id,534228,gnis
369012249,county_name,Plaquemines,gnis
369012249,feature_type,Bay,gnis
369012250,ele,0,regular
369012250,name,Creole Bay,regular
369012250,natural,bay,regular
369012250,state,LA,addr
369012250,source_ref,geonames.usgs.gov,regular
369012250,created,06/04/1980,gnis
369012250,feature_id,534238,gnis
369012250,county_name,Jefferson,gnis
369012250,feature_type,Bay,gnis
369012251,ele,0,regular
369012251,name,Cuselich Bay,regular
369012251,natural,bay,regular
369012251,state,LA,addr
369012251,created,06/04/1980,gnis
369012251,feature_id,534309,gnis
369012251,county_name,Plaquemines,gnis
369012251,feature_type,Bay,gnis
369012258,ele,0,regular
369012258,name,Devils Bay,regular
369012258,natural,bay,regular
369012258,state,LA,addr
369012258,source_ref,geonames.usgs.gov,regular
369012258,created,06/04/1980,gnis
369012258,feature_id,534515,gnis
369012258,county_name,Lafourche,gnis
369012258,feature_type,Bay,gnis
369012268,ele,-2,regular
369012268,name,Delta Bend,regular
369012268,natural,bay,regular
369012268,state,LA,addr
369012268,created,06/04/1980,gnis
369012268,feature_id,534490,gnis
369012268,county_name,Plaquemines,gnis
369012268,feature_type,Bay,gnis
369012279,ele,0,regular
369012279,name,Dixon Bay,regular
369012279,natural,bay,regular
369012279,state,LA,addr
369012279,created,06/04/1980,gnis
369012279,feature_id,534541,gnis
369012279,county_name,Plaquemines,gnis
369012279,feature_type,Bay,gnis
369012306,ele,0,regular
369012306,name,Dead Women Bend,regular
369012306,natural,bay,regular
369012306,state,LA,addr
369012306,created,06/04/1980,gnis
369012306,feature_id,534431,gnis
369012306,county_name,Plaquemines,gnis
369012306,feature_type,Bay,gnis
369012320,ele,0,regular
369012320,name,Dave Outside Pond,regular
369012320,natural,bay,regular
369012320,state,LA,addr
369012320,created,06/04/1980,gnis
369012320,feature_id,534397,gnis
369012320,county_name,Plaquemines,gnis
369012320,feature_type,Bay,gnis
369012326,ele,0,regular
369012326,name,Dave Inside Pond,regular
369012326,natural,bay,regular
369012326,state,LA,addr
369012326,created,06/04/1980,gnis
369012326,feature_id,534396,gnis
369012326,county_name,Plaquemines,gnis
369012326,feature_type,Bay,gnis
369012340,ele,0,regular
369012340,name,Deep Lake,regular
369012340,natural,bay,regular
369012340,state,LA,addr
369012340,source_ref,geonames.usgs.gov,regular
369012340,created,06/04/1980,gnis
369012340,feature_id,534449,gnis
369012340,county_name,Lafourche,gnis
369012340,feature_type,Bay,gnis
369012344,ele,0,regular
369012344,name,Dead Women Outside Pond,regular
369012344,natural,bay,regular
369012344,state,LA,addr
369012344,created,06/04/1980,gnis
369012344,feature_id,534433,gnis
369012344,county_name,Plaquemines,gnis
369012344,feature_type,Bay,gnis
369012349,ele,0,regular
369012349,name,Dead Women Inside Pond,regular
369012349,natural,bay,regular
369012349,state,LA,addr
369012349,created,06/04/1980,gnis
369012349,feature_id,534432,gnis
369012349,county_name,Plaquemines,gnis
369012349,feature_type,Bay,gnis
369012359,ele,0,regular
369012359,name,Fishermans Bay,regular
369012359,natural,bay,regular
369012359,state,LA,addr
369012359,source_ref,geonames.usgs.gov,regular
369012359,created,06/04/1980,gnis
369012359,feature_id,534967,gnis
369012359,county_name,Lafourche,gnis
369012359,feature_type,Bay,gnis
369012366,ele,0,regular
369012366,name,Flatboat Inside Pond,regular
369012366,natural,bay,regular
369012366,state,LA,addr
369012366,created,06/04/1980,gnis
369012366,feature_id,534998,gnis
369012366,county_name,Plaquemines,gnis
369012366,feature_type,Bay,gnis
369012371,ele,0,regular
369012371,name,Ferrand Bay,regular
369012371,natural,bay,regular
369012371,state,LA,addr
369012371,created,06/04/1980,gnis
369012371,feature_id,534937,gnis
369012371,county_name,Plaquemines,gnis
369012371,feature_type,Bay,gnis
369012387,ele,0,regular
369012387,name,Foxs Pond,regular
369012387,natural,bay,regular
369012387,state,LA,addr
369012387,created,06/04/1980,gnis
369012387,feature_id,535077,gnis
369012387,county_name,Plaquemines,gnis
369012387,feature_type,Bay,gnis
369012395,ele,0,regular
369012395,name,Flatboat Outside Pond,regular
369012395,natural,bay,regular
369012395,state,LA,addr
369012395,created,06/04/1980,gnis
369012395,feature_id,534999,gnis
369012395,county_name,Plaquemines,gnis
369012395,feature_type,Bay,gnis
369012410,ele,2,regular
369012410,name,Fleur Pond,regular
369012410,natural,bay,regular
369012410,state,LA,addr
369012410,created,06/04/1980,gnis
369012410,feature_id,535004,gnis
369012410,county_name,Plaquemines,gnis
369012410,feature_type,Bay,gnis
369012427,ele,1,regular
369012427,name,Dune Pond,regular
369012427,natural,bay,regular
369012427,state,LA,addr
369012427,created,06/04/1980,gnis
369012427,feature_id,534656,gnis
369012427,county_name,Plaquemines,gnis
369012427,feature_type,Bay,gnis
369012443,ele,0,regular
369012443,name,East Bay,regular
369012443,natural,bay,regular
369012443,state,LA,addr
369012443,created,06/04/1980,gnis
369012443,feature_id,534694,gnis
369012443,county_name,Plaquemines,gnis
369012443,feature_type,Bay,gnis
369012469,ele,1,regular
369012469,name,Felicity Island,regular
369012469,natural,wetland,regular
369012469,state,LA,addr
369012469,source_ref,geonames.usgs.gov,regular
369012469,created,06/04/1980,gnis
369012469,feature_id,534919,gnis
369012469,county_name,Terrebonne,gnis
369012469,feature_type,Swamp,gnis
369012475,ele,0,regular
369012475,name,East Champagne Bay,regular
369012475,natural,bay,regular
369012475,state,LA,addr
369012475,created,06/04/1980,gnis
369012475,feature_id,534706,gnis
369012475,county_name,Jefferson,gnis
369012475,feature_type,Bay,gnis
369012478,ele,0,regular
369012478,name,Grand Bay,regular
369012478,natural,bay,regular
369012478,state,LA,addr
369012478,created,06/04/1980,gnis
369012478,feature_id,535305,gnis
369012478,county_name,Plaquemines,gnis
369012478,feature_type,Bay,gnis
369012483,ele,0,regular
369012483,name,Grand Coquille Bay,regular
369012483,natural,bay,regular
369012483,state,LA,addr
369012483,created,06/04/1980,gnis
369012483,feature_id,535331,gnis
369012483,county_name,Plaquemines,gnis
369012483,feature_type,Bay,gnis
369012486,ele,-1,regular
369012486,name,Grand Coin Pocket,regular
369012486,natural,bay,regular
369012486,state,LA,addr
369012486,created,06/04/1980,gnis
369012486,feature_id,535329,gnis
369012486,county_name,Orleans,gnis
369012486,feature_type,Bay,gnis
369012504,ele,0,regular
369012504,name,Bay Gardene,regular
369012504,natural,bay,regular
369012504,state,LA,addr
369012504,created,06/04/1980,gnis
369012504,feature_id,535178,gnis
369012504,county_name,Plaquemines,gnis
369012504,feature_type,Bay,gnis
369012507,ele,0,regular
369012507,name,Garden Island Bay,regular
369012507,natural,bay,regular
369012507,state,LA,addr
369012507,created,06/04/1980,gnis
369012507,feature_id,535174,gnis
369012507,county_name,Plaquemines,gnis
369012507,feature_type,Bay,gnis
369012510,ele,-1,regular
369012510,name,Gauthier Pond,regular
369012510,natural,bay,regular
369012510,state,LA,addr
369012510,created,06/04/1980,gnis
369012510,feature_id,535196,gnis
369012510,county_name,Plaquemines,gnis
369012510,feature_type,Bay,gnis
369012513,ele,0,regular
369012513,name,Gasper Bay,regular
369012513,natural,bay,regular
369012513,state,LA,addr
369012513,created,06/04/1980,gnis
369012513,feature_id,535188,gnis
369012513,county_name,Plaquemines,gnis
369012513,feature_type,Bay,gnis
369012516,ele,0,regular
369012516,name,Francois Bend,regular
369012516,natural,bay,regular
369012516,state,LA,addr
369012516,created,06/04/1980,gnis
369012516,feature_id,535083,gnis
369012516,county_name,Plaquemines,gnis
369012516,feature_type,Bay,gnis
369012522,ele,0,regular
369012522,name,Garden Bay,regular
369012522,natural,bay,regular
369012522,state,LA,addr
369012522,created,06/04/1980,gnis
369012522,feature_id,535172,gnis
369012522,county_name,Plaquemines,gnis
369012522,feature_type,Bay,gnis
369012528,ele,0,regular
369012528,name,Harrys Pond,regular
369012528,natural,bay,regular
369012528,state,LA,addr
369012528,created,06/04/1980,gnis
369012528,feature_id,535545,gnis
369012528,county_name,Plaquemines,gnis
369012528,feature_type,Bay,gnis
369012530,ele,0,regular
369012530,name,Hatchet Lake,regular
369012530,natural,bay,regular
369012530,state,LA,addr
369012530,source_ref,geonames.usgs.gov,regular
369012530,created,06/04/1980,gnis
369012530,feature_id,535559,gnis
369012530,county_name,Lafourche,gnis
369012530,feature_type,Bay,gnis
369012538,ele,0,regular
369012538,name,Hackberry Bay,regular
369012538,natural,bay,regular
369012538,state,LA,addr
369012538,source_ref,geonames.usgs.gov,regular
369012538,created,06/04/1980,gnis
369012538,feature_id,535472,gnis
369012538,county_name,Lafourche,gnis
369012538,feature_type,Bay,gnis
369012570,ele,0,regular
369012570,name,Hackberry Bay,regular
369012570,natural,bay,regular
369012570,state,LA,addr
369012570,source_ref,geonames.usgs.gov,regular
369012570,created,06/04/1980,gnis
369012570,feature_id,535471,gnis
369012570,county_name,Lafourche,gnis
369012570,feature_type,Bay,gnis
369012578,ele,0,regular
369012578,name,Grand Point Bay,regular
369012578,natural,bay,regular
369012578,state,LA,addr
369012578,created,06/04/1980,gnis
369012578,feature_id,535346,gnis
369012578,county_name,Plaquemines,gnis
369012578,feature_type,Bay,gnis
369012586,ele,0,regular
369012586,name,Jack Bay,regular
369012586,natural,bay,regular
369012586,state,LA,addr
369012586,created,06/04/1980,gnis
369012586,feature_id,535972,gnis
369012586,county_name,Plaquemines,gnis
369012586,feature_type,Bay,gnis
369012589,ele,0,regular
369012589,name,Island Bay,regular
369012589,natural,bay,regular
369012589,state,LA,addr
369012589,created,06/04/1980,gnis
369012589,feature_id,535952,gnis
369012589,county_name,Plaquemines,gnis
369012589,feature_type,Bay,gnis
369012614,ele,1,regular
369012614,name,Hospital Pond,regular
369012614,natural,bay,regular
369012614,state,LA,addr
369012614,created,06/04/1980,gnis
369012614,feature_id,535824,gnis
369012614,county_name,Plaquemines,gnis
369012614,feature_type,Bay,gnis
369012618,ele,0,regular
369012618,name,Hospital Bay,regular
369012618,natural,bay,regular
369012618,state,LA,addr
369012618,created,06/04/1980,gnis
369012618,feature_id,535821,gnis
369012618,county_name,Plaquemines,gnis
369012618,feature_type,Bay,gnis
369012636,ele,-1,regular
369012636,name,Hingle Pond,regular
369012636,natural,bay,regular
369012636,state,LA,addr
369012636,created,06/04/1980,gnis
369012636,feature_id,535680,gnis
369012636,county_name,Plaquemines,gnis
369012636,feature_type,Bay,gnis
369012641,ele,0,regular
369012641,name,Kelly Gap,regular
369012641,natural,bay,regular
369012641,state,LA,addr
369012641,created,06/04/1980,gnis
369012641,feature_id,536164,gnis
369012641,county_name,Plaquemines,gnis
369012641,feature_type,Bay,gnis
369012644,ele,0,regular
369012644,name,L'Homme Pond,regular
369012644,natural,bay,regular
369012644,state,LA,addr
369012644,created,06/04/1980,gnis
369012644,feature_id,536236,gnis
369012644,county_name,Plaquemines,gnis
369012644,feature_type,Bay,gnis
369012655,ele,1,regular
369012655,name,John Johnson Pond,regular
369012655,natural,bay,regular
369012655,state,LA,addr
369012655,created,06/04/1980,gnis
369012655,feature_id,536072,gnis
369012655,county_name,Plaquemines,gnis
369012655,feature_type,Bay,gnis
369012663,ele,0,regular
369012663,name,Joes Bay,regular
369012663,natural,bay,regular
369012663,state,LA,addr
369012663,created,06/04/1980,gnis
369012663,feature_id,536064,gnis
369012663,county_name,Plaquemines,gnis
369012663,feature_type,Bay,gnis
369012665,ele,4,regular
369012665,name,Joes Pond,regular
369012665,natural,bay,regular
369012665,state,LA,addr
369012665,created,06/04/1980,gnis
369012665,feature_id,536068,gnis
369012665,county_name,Plaquemines,gnis
369012665,feature_type,Bay,gnis
369012670,ele,-2,regular
369012670,name,Joe Dennis Pond,regular
369012670,natural,bay,regular
369012670,state,LA,addr
369012670,created,06/04/1980,gnis
369012670,feature_id,536059,gnis
369012670,county_name,Plaquemines,gnis
369012670,feature_type,Bay,gnis
369012673,ele,0,regular
369012673,name,Joe Brown Pond,regular
369012673,natural,bay,regular
369012673,state,LA,addr
369012673,created,06/04/1980,gnis
369012673,feature_id,536057,gnis
369012673,county_name,Plaquemines,gnis
369012673,feature_type,Bay,gnis
369012674,ele,0,regular
369012674,name,Japan Outside Pond,regular
369012674,natural,bay,regular
369012674,state,LA,addr
369012674,created,06/04/1980,gnis
369012674,feature_id,536004,gnis
369012674,county_name,Plaquemines,gnis
369012674,feature_type,Bay,gnis
369012675,ele,0,regular
369012675,name,Jean Plaisance Bay,regular
369012675,natural,bay,regular
369012675,state,LA,addr
369012675,source_ref,geonames.usgs.gov,regular
369012675,created,06/04/1980,gnis
369012675,feature_id,536008,gnis
369012675,county_name,Lafourche,gnis
369012675,feature_type,Bay,gnis
369012678,ele,0,regular
369012678,name,Jacko Bay,regular
369012678,natural,bay,regular
369012678,state,LA,addr
369012678,source_ref,geonames.usgs.gov,regular
369012678,created,06/04/1980,gnis
369012678,feature_id,535980,gnis
369012678,county_name,Terrebonne,gnis
369012678,feature_type,Bay,gnis
369012685,ele,0,regular
369012685,name,Jacko Camp Bay,regular
369012685,natural,bay,regular
369012685,state,LA,addr
369012685,source_ref,geonames.usgs.gov,regular
369012685,created,06/04/1980,gnis
369012685,feature_id,535981,gnis
369012685,county_name,Lafourche,gnis
369012685,feature_type,Bay,gnis
369012690,ele,0,regular
369012690,name,Little Coquille Bay,regular
369012690,natural,bay,regular
369012690,state,LA,addr
369012690,created,06/04/1980,gnis
369012690,feature_id,536522,gnis
369012690,county_name,Plaquemines,gnis
369012690,feature_type,Bay,gnis
369012694,ele,0,regular
369012694,name,Little Lake Pond,regular
369012694,natural,bay,regular
369012694,state,LA,addr
369012694,created,06/04/1980,gnis
369012694,feature_id,536573,gnis
369012694,county_name,Plaquemines,gnis
369012694,feature_type,Bay,gnis
369012696,ele,0,regular
369012696,name,Little Lake,regular
369012696,natural,bay,regular
369012696,state,LA,addr
369012696,source_ref,geonames.usgs.gov,regular
369012696,created,06/04/1980,gnis
369012696,feature_id,536570,gnis
369012696,county_name,Lafourche,gnis
369012696,feature_type,Bay,gnis
369012699,ele,-2,regular
369012699,name,Lizzamonde Pond,regular
369012699,natural,bay,regular
369012699,state,LA,addr
369012699,created,06/04/1980,gnis
369012699,feature_id,536642,gnis
369012699,county_name,Plaquemines,gnis
369012699,feature_type,Bay,gnis
369012700,ele,0,regular
369012700,name,Live Oak Bay,regular
369012700,natural,bay,regular
369012700,state,LA,addr
369012700,source_ref,geonames.usgs.gov,regular
369012700,created,06/04/1980,gnis
369012700,feature_id,536633,gnis
369012700,county_name,Lafourche,gnis
369012700,feature_type,Bay,gnis
369012704,ele,0,regular
369012704,name,Long Bay,regular
369012704,natural,bay,regular
369012704,state,LA,addr
369012704,created,06/04/1980,gnis
369012704,feature_id,536674,gnis
369012704,county_name,Plaquemines,gnis
369012704,feature_type,Bay,gnis
369012705,ele,0,regular
369012705,name,Locust Pond,regular
369012705,natural,bay,regular
369012705,state,LA,addr
369012705,created,06/04/1980,gnis
369012705,feature_id,536654,gnis
369012705,county_name,Plaquemines,gnis
369012705,feature_type,Bay,gnis
369012707,ele,0,regular
369012707,name,Lake Chien,regular
369012707,natural,bay,regular
369012707,state,LA,addr
369012707,source_ref,geonames.usgs.gov,regular
369012707,created,06/04/1980,gnis
369012707,feature_id,536277,gnis
369012707,county_name,Terrebonne,gnis
369012707,feature_type,Bay,gnis
369012708,ele,0,regular
369012708,name,La Tete Bay,regular
369012708,natural,bay,regular
369012708,state,LA,addr
369012708,created,06/04/1980,gnis
369012708,feature_id,536244,gnis
369012708,county_name,Plaquemines,gnis
369012708,feature_type,Bay,gnis
369012712,ele,0,regular
369012712,name,Lake Pond,regular
369012712,natural,bay,regular
369012712,state,LA,addr
369012712,created,06/04/1980,gnis
369012712,feature_id,536293,gnis
369012712,county_name,Plaquemines,gnis
369012712,feature_type,Bay,gnis
369012713,ele,0,regular
369012713,name,Lake Felicity,regular
369012713,natural,bay,regular
369012713,state,LA,addr
369012713,source_ref,geonames.usgs.gov,regular
369012713,created,06/04/1980,gnis
369012713,feature_id,536281,gnis
369012713,county_name,Terrebonne,gnis
369012713,feature_type,Bay,gnis
369012716,ele,0,regular
369012716,name,Landry Bay,regular
369012716,natural,bay,regular
369012716,state,LA,addr
369012716,source_ref,geonames.usgs.gov,regular
369012716,created,06/04/1980,gnis
369012716,feature_id,536320,gnis
369012716,county_name,Lafourche,gnis
369012716,feature_type,Bay,gnis
369012717,ele,0,regular
369012717,name,Laurence Pond,regular
369012717,natural,bay,regular
369012717,state,LA,addr
369012717,created,06/04/1980,gnis
369012717,feature_id,536356,gnis
369012717,county_name,Plaquemines,gnis
369012717,feature_type,Bay,gnis
369012719,ele,0,regular
369012719,name,Lake Raccourci,regular
369012719,natural,bay,regular
369012719,state,LA,addr
369012719,source_ref,geonames.usgs.gov,regular
369012719,created,06/04/1980,gnis
369012719,feature_id,536295,gnis
369012719,county_name,Lafourche,gnis
369012719,feature_type,Bay,gnis
369012721,ele,0,regular
369012721,name,Lake Trois Jeans,regular
369012721,natural,bay,regular
369012721,state,LA,addr
369012721,source_ref,geonames.usgs.gov,regular
369012721,created,06/04/1980,gnis
369012721,feature_id,536303,gnis
369012721,county_name,Lafourche,gnis
369012721,feature_type,Bay,gnis
369012740,ele,0,regular
369012740,name,Bay Law,regular
369012740,natural,bay,regular
369012740,state,LA,addr
369012740,created,06/04/1980,gnis
369012740,feature_id,536360,gnis
369012740,county_name,Plaquemines,gnis
369012740,feature_type,Bay,gnis
369012751,ele,0,regular
369012751,name,Morgan Pond,regular
369012751,natural,bay,regular
369012751,state,LA,addr
369012751,created,06/04/1980,gnis
369012751,feature_id,537209,gnis
369012751,county_name,Plaquemines,gnis
369012751,feature_type,Bay,gnis
369012783,ele,0,regular
369012783,name,Nicholl Pond,regular
369012783,natural,bay,regular
369012783,state,LA,addr
369012783,created,06/04/1980,gnis
369012783,feature_id,537673,gnis
369012783,county_name,Plaquemines,gnis
369012783,feature_type,Bay,gnis
369012791,ele,0,regular
369012791,name,Nom Outside Pond,regular
369012791,natural,bay,regular
369012791,state,LA,addr
369012791,created,06/04/1980,gnis
369012791,feature_id,537698,gnis
369012791,county_name,Plaquemines,gnis
369012791,feature_type,Bay,gnis
369012794,ele,0,regular
369012794,name,North Shore Bay,regular
369012794,natural,bay,regular
369012794,state,LA,addr
369012794,created,06/04/1980,gnis
369012794,feature_id,537747,gnis
369012794,county_name,Plaquemines,gnis
369012794,feature_type,Bay,gnis
369012809,ele,0,regular
369012809,name,Loomis Pond,regular
369012809,natural,bay,regular
369012809,state,LA,addr
369012809,created,06/04/1980,gnis
369012809,feature_id,536729,gnis
369012809,county_name,Plaquemines,gnis
369012809,feature_type,Bay,gnis
369012817,ele,-1,regular
369012817,name,Major Outside Pond,regular
369012817,natural,bay,regular
369012817,state,LA,addr
369012817,created,06/04/1980,gnis
369012817,feature_id,536859,gnis
369012817,county_name,Plaquemines,gnis
369012817,feature_type,Bay,gnis
369012828,ele,0,regular
369012828,name,Mann Inside Pond,regular
369012828,natural,bay,regular
369012828,state,LA,addr
369012828,created,06/04/1980,gnis
369012828,feature_id,536878,gnis
369012828,county_name,Plaquemines,gnis
369012828,feature_type,Bay,gnis
369012832,ele,0,regular
369012832,name,Mann Outside Pond,regular
369012832,natural,bay,regular
369012832,state,LA,addr
369012832,created,06/04/1980,gnis
369012832,feature_id,536879,gnis
369012832,county_name,Plaquemines,gnis
369012832,feature_type,Bay,gnis
369012838,ele,0,regular
369012838,name,Mary Bowers Pond,regular
369012838,natural,bay,regular
369012838,state,LA,addr
369012838,created,06/04/1980,gnis
369012838,feature_id,536923,gnis
369012838,county_name,Plaquemines,gnis
369012838,feature_type,Bay,gnis
369012855,ele,9,regular
369012855,name,Morgan Pond,regular
369012855,natural,bay,regular
369012855,state,LA,addr
369012855,created,06/04/1980,gnis
369012855,feature_id,537208,gnis
369012855,county_name,Plaquemines,gnis
369012855,feature_type,Bay,gnis
369012859,ele,0,regular
369012859,name,Pipe Bay,regular
369012859,natural,bay,regular
369012859,state,LA,addr
369012859,created,06/04/1980,gnis
369012859,feature_id,538210,gnis
369012859,county_name,Plaquemines,gnis
369012859,feature_type,Bay,gnis
369012863,ele,0,regular
369012863,name,Lake Pierre,regular
369012863,natural,bay,regular
369012863,state,LA,addr
369012863,source_ref,geonames.usgs.gov,regular
369012863,created,06/04/1980,gnis
369012863,feature_id,538130,gnis
369012863,county_name,Lafourche,gnis
369012863,feature_type,Bay,gnis
369012865,ele,0,regular
369012865,name,Pierre Bay,regular
369012865,natural,bay,regular
369012865,state,LA,addr
369012865,created,06/04/1980,gnis
369012865,feature_id,538126,gnis
369012865,county_name,Plaquemines,gnis
369012865,feature_type,Bay,gnis
369012870,ele,0,regular
369012870,name,Pierle Bay,regular
369012870,natural,bay,regular
369012870,state,LA,addr
369012870,source_ref,geonames.usgs.gov,regular
369012870,created,06/04/1980,gnis
369012870,feature_id,538123,gnis
369012870,county_name,Lafourche,gnis
369012870,feature_type,Bay,gnis
369012872,ele,0,regular
369012872,name,Pickett Bay,regular
369012872,natural,bay,regular
369012872,state,LA,addr
369012872,source_ref,geonames.usgs.gov,regular
369012872,created,06/04/1980,gnis
369012872,feature_id,538117,gnis
369012872,county_name,Lafourche,gnis
369012872,feature_type,Bay,gnis
369012874,ele,0,regular
369012874,name,Quarantine Bay,regular
369012874,natural,bay,regular
369012874,state,LA,addr
369012874,created,06/04/1980,gnis
369012874,feature_id,538447,gnis
369012874,county_name,Plaquemines,gnis
369012874,feature_type,Bay,gnis
369012878,ele,-1,regular
369012878,name,Potato Pond,regular
369012878,natural,bay,regular
369012878,state,LA,addr
369012878,created,06/04/1980,gnis
369012878,feature_id,538364,gnis
369012878,county_name,Plaquemines,gnis
369012878,feature_type,Bay,gnis
369012880,ele,-1,regular
369012880,name,Post Pond,regular
369012880,natural,bay,regular
369012880,state,LA,addr
369012880,created,06/04/1980,gnis
369012880,feature_id,538360,gnis
369012880,county_name,Plaquemines,gnis
369012880,feature_type,Bay,gnis
369012883,ele,0,regular
369012883,name,Portage Bay,regular
369012883,natural,bay,regular
369012883,state,LA,addr
369012883,created,06/04/1980,gnis
369012883,feature_id,538347,gnis
369012883,county_name,Plaquemines,gnis
369012883,feature_type,Bay,gnis
369012885,ele,0,regular
369012885,name,Porpoise Bay,regular
369012885,natural,bay,regular
369012885,state,LA,addr
369012885,created,06/04/1980,gnis
369012885,feature_id,538339,gnis
369012885,county_name,Lafourche,gnis
369012885,feature_type,Bay,gnis
369012889,ele,2,regular
369012889,name,Pointe A La Hache Boat Harbor,regular
369012889,natural,bay,regular
369012889,state,LA,addr
369012889,created,06/04/1980,gnis
369012889,feature_id,538308,gnis
369012889,county_name,Plaquemines,gnis
369012889,feature_type,Bay,gnis
369012895,ele,0,regular
369012895,name,Paddy Bay,regular
369012895,natural,bay,regular
369012895,state,LA,addr
369012895,created,06/04/1980,gnis
369012895,feature_id,537934,gnis
369012895,county_name,Plaquemines,gnis
369012895,feature_type,Bay,gnis
369012899,ele,0,regular
369012899,name,Old Stump Lake,regular
369012899,natural,bay,regular
369012899,state,LA,addr
369012899,created,06/04/1980,gnis
369012899,feature_id,537862,gnis
369012899,county_name,Plaquemines,gnis
369012899,feature_type,Bay,gnis
369012903,ele,0,regular
369012903,name,Old Lady Lake,regular
369012903,natural,bay,regular
369012903,state,LA,addr
369012903,source_ref,geonames.usgs.gov,regular
369012903,created,06/04/1980,gnis
369012903,feature_id,537834,gnis
369012903,county_name,Terrebonne,gnis
369012903,feature_type,Bay,gnis
369012909,ele,-1,regular
369012909,name,Octave Pond,regular
369012909,natural,bay,regular
369012909,state,LA,addr
369012909,created,06/04/1980,gnis
369012909,feature_id,537815,gnis
369012909,county_name,Plaquemines,gnis
369012909,feature_type,Bay,gnis
369012911,ele,-1,regular
369012911,name,Petit Felix Pond,regular
369012911,natural,bay,regular
369012911,state,LA,addr
369012911,created,06/04/1980,gnis
369012911,feature_id,538091,gnis
369012911,county_name,Plaquemines,gnis
369012911,feature_type,Bay,gnis
369012950,ele,0,regular
369012950,name,Paul Pond,regular
369012950,natural,bay,regular
369012950,state,LA,addr
369012950,created,06/04/1980,gnis
369012950,feature_id,538024,gnis
369012950,county_name,Plaquemines,gnis
369012950,feature_type,Bay,gnis
369012961,ele,0,regular
369012961,name,Pailleen Queue Pond,regular
369012961,natural,bay,regular
369012961,state,LA,addr
369012961,created,06/04/1980,gnis
369012961,feature_id,537938,gnis
369012961,county_name,Plaquemines,gnis
369012961,feature_type,Bay,gnis
369012975,ele,0,regular
369012975,name,Round Pond,regular
369012975,natural,bay,regular
369012975,state,LA,addr
369012975,created,06/04/1980,gnis
369012975,feature_id,538750,gnis
369012975,county_name,Plaquemines,gnis
369012975,feature_type,Bay,gnis
369012987,ele,-1,regular
369012987,name,Sabot Pond,regular
369012987,natural,bay,regular
369012987,state,LA,addr
369012987,created,06/04/1980,gnis
369012987,feature_id,538773,gnis
369012987,county_name,Plaquemines,gnis
369012987,feature_type,Bay,gnis
369012998,ele,0,regular
369012998,name,Rose Bay,regular
369012998,natural,bay,regular
369012998,state,LA,addr
369012998,created,06/04/1980,gnis
369012998,feature_id,538706,gnis
369012998,county_name,Plaquemines,gnis
369012998,feature_type,Bay,gnis
369013012,ele,0,regular
369013012,name,Scarabin Pond,regular
369013012,natural,bay,regular
369013012,state,LA,addr
369013012,created,06/04/1980,gnis
369013012,feature_id,539207,gnis
369013012,county_name,Plaquemines,gnis
369013012,feature_type,Bay,gnis
369013022,ele,-1,regular
369013022,name,Seagull Pond,regular
369013022,natural,bay,regular
369013022,state,LA,addr
369013022,created,06/04/1980,gnis
369013022,feature_id,539237,gnis
369013022,county_name,Plaquemines,gnis
369013022,feature_type,Bay,gnis
369013026,ele,0,regular
369013026,name,Scott Bay,regular
369013026,natural,bay,regular
369013026,state,LA,addr
369013026,created,06/04/1980,gnis
369013026,feature_id,539226,gnis
369013026,county_name,Plaquemines,gnis
369013026,feature_type,Bay,gnis
369013039,ele,0,regular
369013039,name,Sandy Point Bay,regular
369013039,natural,bay,regular
369013039,state,LA,addr
369013039,created,06/04/1980,gnis
369013039,feature_id,539171,gnis
369013039,county_name,Plaquemines,gnis
369013039,feature_type,Bay,gnis
369013047,ele,0,regular
369013047,name,Renaud Bend,regular
369013047,natural,bay,regular
369013047,state,LA,addr
369013047,created,06/04/1980,gnis
369013047,feature_id,538563,gnis
369013047,county_name,Plaquemines,gnis
369013047,feature_type,Bay,gnis
369013049,ele,0,regular
369013049,name,Riverside Bay,regular
369013049,natural,bay,regular
369013049,state,LA,addr
369013049,created,06/04/1980,gnis
369013049,feature_id,538623,gnis
369013049,county_name,Plaquemines,gnis
369013049,feature_type,Bay,gnis
369013059,ele,-2,regular
369013059,name,Redhead Outside Pond,regular
369013059,natural,bay,regular
369013059,state,LA,addr
369013059,created,06/04/1980,gnis
369013059,feature_id,538542,gnis
369013059,county_name,Plaquemines,gnis
369013059,feature_type,Bay,gnis
369013061,ele,0,regular
369013061,name,Lake Robinson,regular
369013061,natural,bay,regular
369013061,state,LA,addr
369013061,created,06/04/1980,gnis
369013061,feature_id,538655,gnis
369013061,county_name,Plaquemines,gnis
369013061,feature_type,Bay,gnis
369013065,ele,3,regular
369013065,name,Ronde Pond,regular
369013065,natural,bay,regular
369013065,state,LA,addr
369013065,created,06/04/1980,gnis
369013065,feature_id,538701,gnis
369013065,county_name,Plaquemines,gnis
369013065,feature_type,Bay,gnis
369013071,ele,0,regular
369013071,name,Rosa Bay,regular
369013071,natural,bay,regular
369013071,state,LA,addr
369013071,source_ref,geonames.usgs.gov,regular
369013071,created,06/04/1980,gnis
369013071,feature_id,538703,gnis
369013071,county_name,Lafourche,gnis
369013071,feature_type,Bay,gnis
369013092,ele,0,regular
369013092,name,Robinson Pond,regular
369013092,natural,bay,regular
369013092,state,LA,addr
369013092,created,06/04/1980,gnis
369013092,feature_id,538654,gnis
369013092,county_name,Plaquemines,gnis
369013092,feature_type,Bay,gnis
369013102,ele,0,regular
369013102,name,Troiscent Piquets Bay,regular
369013102,natural,bay,regular
369013102,state,LA,addr
369013102,source_ref,geonames.usgs.gov,regular
369013102,created,06/04/1980,gnis
369013102,feature_id,539992,gnis
369013102,county_name,Terrebonne,gnis
369013102,feature_type,Bay,gnis
369013108,ele,0,regular
369013108,name,Tonys Pond,regular
369013108,natural,bay,regular
369013108,state,LA,addr
369013108,created,06/04/1980,gnis
369013108,feature_id,539963,gnis
369013108,county_name,Plaquemines,gnis
369013108,feature_type,Bay,gnis
369013115,ele,1,regular
369013115,name,Trespass Pond,regular
369013115,natural,bay,regular
369013115,state,LA,addr
369013115,created,06/04/1980,gnis
369013115,feature_id,539983,gnis
369013115,county_name,Plaquemines,gnis
369013115,feature_type,Bay,gnis
369013153,ele,-1,regular
369013153,name,Thomassin Pond,regular
369013153,natural,bay,regular
369013153,state,LA,addr
369013153,created,06/04/1980,gnis
369013153,feature_id,539887,gnis
369013153,county_name,Plaquemines,gnis
369013153,feature_type,Bay,gnis
369013191,ele,0,regular
369013191,name,Timbalier Bay,regular
369013191,natural,bay,regular
369013191,state,LA,addr
369013191,source_ref,geonames.usgs.gov,regular
369013191,created,06/04/1980,gnis
369013191,feature_id,539939,gnis
369013191,county_name,Lafourche,gnis
369013191,feature_type,Bay,gnis
369013211,ele,-1,regular
369013211,name,Stone Pond,regular
369013211,natural,bay,regular
369013211,state,LA,addr
369013211,created,06/04/1980,gnis
369013211,feature_id,539681,gnis
369013211,county_name,Plaquemines,gnis
369013211,feature_type,Bay,gnis
369013215,ele,-1,regular
369013215,name,Sprigtail Pond,regular
369013215,natural,bay,regular
369013215,state,LA,addr
369013215,created,06/04/1980,gnis
369013215,feature_id,539557,gnis
369013215,county_name,Plaquemines,gnis
369013215,feature_type,Bay,gnis
369013220,ele,0,regular
369013220,name,Tessiers Bend,regular
369013220,natural,bay,regular
369013220,state,LA,addr
369013220,created,06/04/1980,gnis
369013220,feature_id,539832,gnis
369013220,county_name,Plaquemines,gnis
369013220,feature_type,Bay,gnis
369013222,ele,0,regular
369013222,name,Temple Bay,regular
369013222,natural,bay,regular
369013222,state,LA,addr
369013222,source_ref,geonames.usgs.gov,regular
369013222,created,06/04/1980,gnis
369013222,feature_id,539815,gnis
369013222,county_name,Lafourche,gnis
369013222,feature_type,Bay,gnis
369013230,ele,0,regular
369013230,name,Shallow Bayou,regular
369013230,natural,bay,regular
369013230,state,LA,addr
369013230,source_ref,geonames.usgs.gov,regular
369013230,created,06/04/1980,gnis
369013230,feature_id,539291,gnis
369013230,county_name,Lafourche,gnis
369013230,feature_type,Bay,gnis
369013238,ele,0,regular
369013238,name,Spanish Bay,regular
369013238,natural,bay,regular
369013238,state,LA,addr
369013238,created,06/04/1980,gnis
369013238,feature_id,539536,gnis
369013238,county_name,Plaquemines,gnis
369013238,feature_type,Bay,gnis
369013240,ele,-1,regular
369013240,name,Son Pond,regular
369013240,natural,bay,regular
369013240,state,LA,addr
369013240,created,06/04/1980,gnis
369013240,feature_id,539473,gnis
369013240,county_name,Plaquemines,gnis
369013240,feature_type,Bay,gnis
369013242,ele,0,regular
369013242,name,Snail Bay,regular
369013242,natural,bay,regular
369013242,state,LA,addr
369013242,source_ref,geonames.usgs.gov,regular
369013242,created,06/04/1980,gnis
369013242,feature_id,539453,gnis
369013242,county_name,Lafourche,gnis
369013242,feature_type,Bay,gnis
369013246,ele,0,regular
369013246,name,Willow Pond,regular
369013246,natural,bay,regular
369013246,state,LA,addr
369013246,created,06/04/1980,gnis
369013246,feature_id,540470,gnis
369013246,county_name,Plaquemines,gnis
369013246,feature_type,Bay,gnis
369013250,ele,0,regular
369013250,name,Woodyard Pond,regular
369013250,natural,bay,regular
369013250,state,LA,addr
369013250,created,06/04/1980,gnis
369013250,feature_id,540537,gnis
369013250,county_name,Plaquemines,gnis
369013250,feature_type,Bay,gnis
369013253,ele,0,regular
369013253,name,Yellow Cotton Bay,regular
369013253,natural,bay,regular
369013253,state,LA,addr
369013253,created,06/04/1980,gnis
369013253,feature_id,540569,gnis
369013253,county_name,Plaquemines,gnis
369013253,feature_type,Bay,gnis
369013260,ele,0,regular
369013260,name,Zinzin Bay,regular
369013260,natural,bay,regular
369013260,state,LA,addr
369013260,created,06/04/1980,gnis
369013260,feature_id,540592,gnis
369013260,county_name,Plaquemines,gnis
369013260,feature_type,Bay,gnis
369013273,ele,0,regular
369013273,name,Whiskey Bay,regular
369013273,natural,bay,regular
369013273,state,LA,addr
369013273,created,06/04/1980,gnis
369013273,feature_id,540350,gnis
369013273,county_name,Plaquemines,gnis
369013273,feature_type,Bay,gnis
369013313,ele,0,regular
369013313,name,West Champagne Bay,regular
369013313,natural,bay,regular
369013313,state,LA,addr
369013313,source_ref,geonames.usgs.gov,regular
369013313,created,06/04/1980,gnis
369013313,feature_id,540306,gnis
369013313,county_name,Jefferson,gnis
369013313,feature_type,Bay,gnis
369013318,ele,0,regular
369013318,name,West Bay,regular
369013318,natural,bay,regular
369013318,state,LA,addr
369013318,created,06/04/1980,gnis
369013318,feature_id,540297,gnis
369013318,county_name,Plaquemines,gnis
369013318,feature_type,Bay,gnis
369013328,ele,0,regular
369013328,name,Whale Bay,regular
369013328,natural,bay,regular
369013328,state,LA,addr
369013328,created,06/04/1980,gnis
369013328,feature_id,540346,gnis
369013328,county_name,Plaquemines,gnis
369013328,feature_type,Bay,gnis
369013350,ele,-1,regular
369013350,name,Valentiers Pond,regular
369013350,natural,bay,regular
369013350,state,LA,addr
369013350,created,06/04/1980,gnis
369013350,feature_id,540131,gnis
369013350,county_name,Plaquemines,gnis
369013350,feature_type,Bay,gnis
369013360,ele,-1,regular
369013360,name,Washington Pond,regular
369013360,natural,bay,regular
369013360,state,LA,addr
369013360,created,06/04/1980,gnis
369013360,feature_id,540245,gnis
369013360,county_name,Plaquemines,gnis
369013360,feature_type,Bay,gnis
369013501,ele,0,regular
369013501,name,Bay Pomme d'or,regular
369013501,natural,bay,regular
369013501,state,LA,addr
369013501,created,06/01/1990,gnis
369013501,feature_id,540702,gnis
369013501,county_name,Plaquemines,gnis
369013501,feature_type,Bay,gnis
369013531,ele,-1,regular
369013531,name,Minout Pond,regular
369013531,natural,bay,regular
369013531,state,LA,addr
369013531,created,06/01/1992,gnis
369013531,feature_id,542461,gnis
369013531,county_name,Plaquemines,gnis
369013531,feature_type,Bay,gnis
369013535,ele,0,regular
369013535,name,Pintail Pond,regular
369013535,natural,bay,regular
369013535,state,LA,addr
369013535,created,06/01/1992,gnis
369013535,feature_id,542475,gnis
369013535,county_name,Plaquemines,gnis
369013535,feature_type,Bay,gnis
369013541,ele,0,regular
369013541,name,Te Don Pond,regular
369013541,natural,bay,regular
369013541,state,LA,addr
369013541,created,06/01/1992,gnis
369013541,feature_id,542487,gnis
369013541,county_name,Plaquemines,gnis
369013541,feature_type,Bay,gnis
369013544,ele,0,regular
369013544,name,Twin Lakes,regular
369013544,natural,bay,regular
369013544,state,LA,addr
369013544,created,06/01/1992,gnis
369013544,feature_id,542488,gnis
369013544,county_name,Plaquemines,gnis
369013544,feature_type,Bay,gnis
369013546,ele,0,regular
369013546,name,Kitchen Pond,regular
369013546,natural,bay,regular
369013546,state,LA,addr
369013546,created,06/01/1992,gnis
369013546,feature_id,542455,gnis
369013546,county_name,Plaquemines,gnis
369013546,feature_type,Bay,gnis
369013549,ele,0,regular
369013549,name,Lucien Pond,regular
369013549,natural,bay,regular
369013549,state,LA,addr
369013549,created,06/01/1992,gnis
369013549,feature_id,542456,gnis
369013549,county_name,Plaquemines,gnis
369013549,feature_type,Bay,gnis
369013551,ele,-1,regular
369013551,name,Major Inside Pond,regular
369013551,natural,bay,regular
369013551,state,LA,addr
369013551,created,06/01/1992,gnis
369013551,feature_id,542457,gnis
369013551,county_name,Plaquemines,gnis
369013551,feature_type,Bay,gnis
369013554,ele,0,regular
369013554,name,Maziers Pond,regular
369013554,natural,bay,regular
369013554,state,LA,addr
369013554,created,06/01/1992,gnis
369013554,feature_id,542460,gnis
369013554,county_name,Plaquemines,gnis
369013554,feature_type,Bay,gnis
369013556,ele,-1,regular
369013556,name,Death Pond,regular
369013556,natural,bay,regular
369013556,state,LA,addr
369013556,created,06/01/1992,gnis
369013556,feature_id,542448,gnis
369013556,county_name,Plaquemines,gnis
369013556,feature_type,Bay,gnis
369013560,ele,0,regular
369013560,name,French Duck Pond,regular
369013560,natural,bay,regular
369013560,state,LA,addr
369013560,created,06/01/1992,gnis
369013560,feature_id,542450,gnis
369013560,county_name,Plaquemines,gnis
369013560,feature_type,Bay,gnis
369013562,ele,-1,regular
369013562,name,Goose Island Outside Pond,regular
369013562,natural,bay,regular
369013562,state,LA,addr
369013562,created,06/01/1992,gnis
369013562,feature_id,542451,gnis
369013562,county_name,Plaquemines,gnis
369013562,feature_type,Bay,gnis
369013564,ele,-1,regular
369013564,name,Horse Duck Pond,regular
369013564,natural,bay,regular
369013564,state,LA,addr
369013564,created,06/01/1992,gnis
369013564,feature_id,542452,gnis
369013564,county_name,Plaquemines,gnis
369013564,feature_type,Bay,gnis
369013567,ele,0,regular
369013567,name,Bennie Pond,regular
369013567,natural,bay,regular
369013567,state,LA,addr
369013567,created,06/01/1992,gnis
369013567,feature_id,542434,gnis
369013567,county_name,Plaquemines,gnis
369013567,feature_type,Bay,gnis
369013569,ele,0,regular
369013569,name,Bay Rondo,regular
369013569,natural,bay,regular
369013569,state,LA,addr
369013569,created,06/01/1992,gnis
369013569,feature_id,542433,gnis
369013569,county_name,Plaquemines,gnis
369013569,feature_type,Bay,gnis
369013573,ele,0,regular
369013573,name,Coule Pond,regular
369013573,natural,bay,regular
369013573,state,LA,addr
369013573,created,06/01/1992,gnis
369013573,feature_id,542445,gnis
369013573,county_name,Plaquemines,gnis
369013573,feature_type,Bay,gnis
369013579,ele,0,regular
369013579,name,Bottle Pond,regular
369013579,natural,bay,regular
369013579,state,LA,addr
369013579,created,06/01/1992,gnis
369013579,feature_id,542439,gnis
369013579,county_name,Plaquemines,gnis
369013579,feature_type,Bay,gnis
369013596,ele,0,regular
369013596,name,Bay Chalon,regular
369013596,natural,bay,regular
369013596,state,LA,addr
369013596,created,06/01/1992,gnis
369013596,feature_id,542432,gnis
369013596,county_name,Plaquemines,gnis
369013596,feature_type,Bay,gnis
369013602,ele,0,regular
369013602,name,Alberts Pond,regular
369013602,natural,bay,regular
369013602,state,LA,addr
369013602,created,06/04/1980,gnis
369013602,feature_id,542207,gnis
369013602,county_name,Plaquemines,gnis
369013602,feature_type,Bay,gnis
369013898,ele,0,regular
369013898,name,Gum Swamp,regular
369013898,natural,wetland,regular
369013898,state,LA,addr
369013898,source_ref,geonames.usgs.gov,regular
369013898,created,01/01/1994,gnis
369013898,feature_id,552021,gnis
369013898,county_name,Livingston,gnis
369013898,feature_type,Swamp,gnis
369013925,ele,0,regular
369013925,name,Bull Run Swamp,regular
369013925,natural,wetland,regular
369013925,state,LA,addr
369013925,source_ref,geonames.usgs.gov,regular
369013925,created,06/04/1980,gnis
369013925,feature_id,553830,gnis
369013925,county_name,Livingston,gnis
369013925,feature_type,Swamp,gnis
369013937,ele,0,regular
369013937,name,Caminada Bay,regular
369013937,natural,bay,regular
369013937,state,LA,addr
369013937,source_ref,geonames.usgs.gov,regular
369013937,created,06/04/1980,gnis
369013937,feature_id,553863,gnis
369013937,county_name,Lafourche,gnis
369013937,feature_type,Bay,gnis
369013945,ele,0,regular
369013945,name,Deadman Pond,regular
369013945,natural,bay,regular
369013945,state,LA,addr
369013945,created,06/04/1980,gnis
369013945,feature_id,554203,gnis
369013945,county_name,Plaquemines,gnis
369013945,feature_type,Bay,gnis
369013961,ele,0,regular
369013961,name,Catahoula Bay,regular
369013961,natural,bay,regular
369013961,state,LA,addr
369013961,source_ref,geonames.usgs.gov,regular
369013961,created,06/04/1980,gnis
369013961,feature_id,553923,gnis
369013961,county_name,Lafourche,gnis
369013961,feature_type,Bay,gnis
369013968,ele,0,regular
369013968,name,Horseshoe Pond,regular
369013968,natural,bay,regular
369013968,state,LA,addr
369013968,created,06/04/1980,gnis
369013968,feature_id,554783,gnis
369013968,county_name,Plaquemines,gnis
369013968,feature_type,Bay,gnis
369013977,ele,0,regular
369013977,name,Mack Pond,regular
369013977,natural,bay,regular
369013977,state,LA,addr
369013977,created,06/04/1980,gnis
369013977,feature_id,555206,gnis
369013977,county_name,Plaquemines,gnis
369013977,feature_type,Bay,gnis
369013980,ele,0,regular
369013980,name,Little Twentyseven Pond,regular
369013980,natural,bay,regular
369013980,state,LA,addr
369013980,created,06/04/1980,gnis
369013980,feature_id,555105,gnis
369013980,county_name,Plaquemines,gnis
369013980,feature_type,Bay,gnis
369014040,ele,-1,regular
369014040,name,Westwego Swamp,regular
369014040,natural,wetland,regular
369014040,state,LA,addr
369014040,source_ref,geonames.usgs.gov,regular
369014040,created,06/01/1993,gnis
369014040,feature_id,549970,gnis
369014040,county_name,Jefferson,gnis
369014040,feature_type,Swamp,gnis
369014063,ele,0,regular
369014063,name,Bay Vasier,regular
369014063,natural,bay,regular
369014063,state,LA,addr
369014063,source_ref,geonames.usgs.gov,regular
369014063,created,06/04/1980,gnis
369014063,feature_id,559633,gnis
369014063,county_name,Lafourche,gnis
369014063,feature_type,Bay,gnis
369014065,ele,0,regular
369014065,name,Bay Saint Honore,regular
369014065,natural,bay,regular
369014065,state,LA,addr
369014065,created,06/04/1980,gnis
369014065,feature_id,559632,gnis
369014065,county_name,Lafourche,gnis
369014065,feature_type,Bay,gnis
369014067,ele,0,regular
369014067,name,Bay Ronfleur,regular
369014067,natural,bay,regular
369014067,state,LA,addr
369014067,created,06/04/1980,gnis
369014067,feature_id,559631,gnis
369014067,county_name,Lafourche,gnis
369014067,feature_type,Bay,gnis
369014069,ele,0,regular
369014069,name,Bay Macoin,regular
369014069,natural,bay,regular
369014069,state,LA,addr
369014069,created,06/04/1980,gnis
369014069,feature_id,559630,gnis
369014069,county_name,Lafourche,gnis
369014069,feature_type,Bay,gnis
369014071,ele,0,regular
369014071,name,Bay Joyeux,regular
369014071,natural,bay,regular
369014071,state,LA,addr
369014071,source_ref,geonames.usgs.gov,regular
369014071,created,06/04/1980,gnis
369014071,feature_id,559629,gnis
369014071,county_name,Lafourche,gnis
369014071,feature_type,Bay,gnis
369014073,ele,0,regular
369014073,name,Bay Des Ilettes,regular
369014073,natural,bay,regular
369014073,state,LA,addr
369014073,created,06/04/1980,gnis
369014073,feature_id,559626,gnis
369014073,county_name,Jefferson,gnis
369014073,feature_type,Bay,gnis
369014075,ele,0,regular
369014075,name,Barataria Bay,regular
369014075,natural,bay,regular
369014075,state,LA,addr
369014075,created,06/04/1980,gnis
369014075,feature_id,559625,gnis
369014075,county_name,Plaquemines,gnis
369014075,feature_type,Bay,gnis
369014077,ele,0,regular
369014077,name,Lake Andre,regular
369014077,natural,bay,regular
369014077,state,LA,addr
369014077,source_ref,geonames.usgs.gov,regular
369014077,created,06/04/1980,gnis
369014077,feature_id,559622,gnis
369014077,county_name,Lafourche,gnis
369014077,feature_type,Bay,gnis
369014082,ele,0,regular
369014082,name,Fort Blanc Bay,regular
369014082,natural,bay,regular
369014082,state,LA,addr
369014082,created,05/01/1994,gnis
369014082,feature_id,559309,gnis
369014082,county_name,Jefferson,gnis
369014082,feature_type,Bay,gnis
369014090,ele,0,regular
369014090,name,Churn Bay,regular
369014090,natural,bay,regular
369014090,state,LA,addr
369014090,source_ref,geonames.usgs.gov,regular
369014090,created,05/01/1994,gnis
369014090,feature_id,559307,gnis
369014090,county_name,Jefferson,gnis
369014090,feature_type,Bay,gnis
369014109,ele,0,regular
369014109,name,Bayou Lasseigne,regular
369014109,natural,bay,regular
369014109,state,LA,addr
369014109,source_ref,geonames.usgs.gov,regular
369014109,created,06/04/1980,gnis
369014109,feature_id,560000,gnis
369014109,county_name,St. John the Baptist,gnis
369014109,feature_type,Bay,gnis
369014113,ele,0,regular
369014113,name,Bay Laurent,regular
369014113,natural,bay,regular
369014113,state,LA,addr
369014113,source_ref,geonames.usgs.gov,regular
369014113,created,06/04/1980,gnis
369014113,feature_id,559842,gnis
369014113,county_name,St. Charles,gnis
369014113,feature_type,Bay,gnis
369014132,ele,0,regular
369014132,name,Bay Boudreau,regular
369014132,natural,bay,regular
369014132,state,LA,addr
369014132,created,06/04/1980,gnis
369014132,feature_id,559837,gnis
369014132,county_name,St. Bernard,gnis
369014132,feature_type,Bay,gnis
369014140,ele,0,regular
369014140,name,Baie d'en Haut,regular
369014140,natural,bay,regular
369014140,state,LA,addr
369014140,source_ref,geonames.usgs.gov,regular
369014140,created,06/04/1980,gnis
369014140,feature_id,559811,gnis
369014140,county_name,St. John the Baptist,gnis
369014140,feature_type,Bay,gnis
369014144,ele,0,regular
369014144,name,Baie Des Deux Chenes,regular
369014144,natural,bay,regular
369014144,state,LA,addr
369014144,source_ref,geonames.usgs.gov,regular
369014144,created,06/04/1980,gnis
369014144,feature_id,559814,gnis
369014144,county_name,Lafourche,gnis
369014144,feature_type,Bay,gnis
369014157,ele,0,regular
369014157,name,Baie a Carlin,regular
369014157,natural,bay,regular
369014157,state,LA,addr
369014157,source_ref,geonames.usgs.gov,regular
369014157,created,06/04/1980,gnis
369014157,feature_id,559810,gnis
369014157,county_name,St. John the Baptist,gnis
369014157,feature_type,Bay,gnis
369014173,ele,-1,regular
369014173,name,Alligator Bend,regular
369014173,natural,bay,regular
369014173,state,LA,addr
369014173,created,06/04/1980,gnis
369014173,feature_id,559764,gnis
369014173,county_name,St. Bernard,gnis
369014173,feature_type,Bay,gnis
369014218,ele,0,regular
369014218,name,Lake Tambour,regular
369014218,natural,bay,regular
369014218,state,LA,addr
369014218,source_ref,geonames.usgs.gov,regular
369014218,created,06/04/1980,gnis
369014218,feature_id,556197,gnis
369014218,county_name,Terrebonne,gnis
369014218,feature_type,Bay,gnis
369014229,ele,-2,regular
369014229,name,Twentyseven Pond,regular
369014229,natural,bay,regular
369014229,state,LA,addr
369014229,created,06/04/1980,gnis
369014229,feature_id,556288,gnis
369014229,county_name,Plaquemines,gnis
369014229,feature_type,Bay,gnis
369014230,ele,0,regular
369014230,name,Bonnies Bay,regular
369014230,natural,bay,regular
369014230,state,LA,addr
369014230,created,06/04/1980,gnis
369014230,feature_id,558174,gnis
369014230,county_name,Plaquemines,gnis
369014230,feature_type,Bay,gnis
369014234,ele,0,regular
369014234,name,Skipjack Bay,regular
369014234,natural,bay,regular
369014234,state,LA,addr
369014234,created,06/04/1980,gnis
369014234,feature_id,558320,gnis
369014234,county_name,Plaquemines,gnis
369014234,feature_type,Bay,gnis
369014236,ele,0,regular
369014236,name,Terrebonne Bay,regular
369014236,natural,bay,regular
369014236,state,LA,addr
369014236,source_ref,geonames.usgs.gov,regular
369014236,created,06/04/1980,gnis
369014236,feature_id,558330,gnis
369014236,county_name,Terrebonne,gnis
369014236,feature_type,Bay,gnis
369014290,ele,0,regular
369014290,name,Northwest Jack Williams Bay,regular
369014290,natural,bay,regular
369014290,state,LA,addr
369014290,created,06/04/1980,gnis
369014290,feature_id,1627802,gnis
369014290,county_name,St. Bernard,gnis
369014290,feature_type,Bay,gnis
369014296,ele,0,regular
369014296,name,North Karako Bay,regular
369014296,natural,bay,regular
369014296,state,LA,addr
369014296,created,06/04/1980,gnis
369014296,feature_id,1627790,gnis
369014296,county_name,St. Bernard,gnis
369014296,feature_type,Bay,gnis
369014302,ele,0,regular
369014302,name,Ninemile Bay,regular
369014302,natural,bay,regular
369014302,state,LA,addr
369014302,created,06/04/1980,gnis
369014302,feature_id,1627777,gnis
369014302,county_name,St. Bernard,gnis
369014302,feature_type,Bay,gnis
369014308,ele,0,regular
369014308,name,Pumpkin Bay,regular
369014308,natural,bay,regular
369014308,state,LA,addr
369014308,created,06/04/1980,gnis
369014308,feature_id,1628009,gnis
369014308,county_name,St. Bernard,gnis
369014308,feature_type,Bay,gnis
369014310,ele,-1,regular
369014310,name,Polecat Bend,regular
369014310,natural,bay,regular
369014310,state,LA,addr
369014310,created,06/04/1980,gnis
369014310,feature_id,1627971,gnis
369014310,county_name,St. Tammany,gnis
369014310,feature_type,Bay,gnis
369014314,ele,0,regular
369014314,name,Oyster Bay,regular
369014314,natural,bay,regular
369014314,state,LA,addr
369014314,created,06/04/1980,gnis
369014314,feature_id,1627851,gnis
369014314,county_name,St. Bernard,gnis
369014314,feature_type,Bay,gnis
369014322,ele,0,regular
369014322,name,Lawson Bay,regular
369014322,natural,bay,regular
369014322,state,LA,addr
369014322,created,06/04/1980,gnis
369014322,feature_id,1627457,gnis
369014322,county_name,St. Bernard,gnis
369014322,feature_type,Bay,gnis
369014324,ele,0,regular
369014324,name,Lake of Second Trees,regular
369014324,natural,bay,regular
369014324,state,LA,addr
369014324,created,06/04/1980,gnis
369014324,feature_id,1627437,gnis
369014324,county_name,St. Bernard,gnis
369014324,feature_type,Bay,gnis
369014327,ele,0,regular
369014327,name,Lake Machias,regular
369014327,natural,bay,regular
369014327,state,LA,addr
369014327,created,06/04/1980,gnis
369014327,feature_id,1627435,gnis
369014327,county_name,St. Bernard,gnis
369014327,feature_type,Bay,gnis
369014333,ele,0,regular
369014333,name,Mosquito Bight,regular
369014333,natural,bay,regular
369014333,state,LA,addr
369014333,created,06/04/1980,gnis
369014333,feature_id,1627703,gnis
369014333,county_name,St. Bernard,gnis
369014333,feature_type,Bay,gnis
369014335,ele,0,regular
369014335,name,Morgan Harbor,regular
369014335,natural,bay,regular
369014335,state,LA,addr
369014335,created,06/04/1980,gnis
369014335,feature_id,1627695,gnis
369014335,county_name,St. Bernard,gnis
369014335,feature_type,Bay,gnis
369014339,ele,0,regular
369014339,name,Victor Island,regular
369014339,natural,wetland,regular
369014339,state,LA,addr
369014339,source_ref,geonames.usgs.gov,regular
369014339,created,06/04/1980,gnis
369014339,feature_id,1628431,gnis
369014339,county_name,St. Charles,gnis
369014339,feature_type,Swamp,gnis
369014351,ele,0,regular
369014351,name,Three Mile Bay,regular
369014351,natural,bay,regular
369014351,state,LA,addr
369014351,created,06/04/1980,gnis
369014351,feature_id,1628359,gnis
369014351,county_name,St. Bernard,gnis
369014351,feature_type,Bay,gnis
369014355,ele,0,regular
369014355,name,Twilight Harbor,regular
369014355,natural,bay,regular
369014355,state,LA,addr
369014355,created,06/04/1980,gnis
369014355,feature_id,1628396,gnis
369014355,county_name,St. Bernard,gnis
369014355,feature_type,Bay,gnis
369014371,ele,0,regular
369014371,name,West Karako Bay,regular
369014371,natural,bay,regular
369014371,state,LA,addr
369014371,created,06/04/1980,gnis
369014371,feature_id,1628475,gnis
369014371,county_name,St. Bernard,gnis
369014371,feature_type,Bay,gnis
369014390,ele,0,regular
369014390,name,Southeast Jack Williams Bay,regular
369014390,natural,bay,regular
369014390,state,LA,addr
369014390,created,06/04/1980,gnis
369014390,feature_id,1628265,gnis
369014390,county_name,St. Bernard,gnis
369014390,feature_type,Bay,gnis
369014399,ele,0,regular
369014399,name,Saint Helena Bay,regular
369014399,natural,bay,regular
369014399,state,LA,addr
369014399,created,06/04/1980,gnis
369014399,feature_id,1628111,gnis
369014399,county_name,St. Bernard,gnis
369014399,feature_type,Bay,gnis
369014427,ele,-1,regular
369014427,name,Summers Island,regular
369014427,natural,wetland,regular
369014427,state,LA,addr
369014427,source_ref,geonames.usgs.gov,regular
369014427,created,06/04/1980,gnis
369014427,feature_id,1628308,gnis
369014427,county_name,St. Charles,gnis
369014427,feature_type,Swamp,gnis
369014489,ele,0,regular
369014489,name,Cypress Island,regular
369014489,natural,wetland,regular
369014489,state,LA,addr
369014489,source_ref,geonames.usgs.gov,regular
369014489,created,06/04/1980,gnis
369014489,feature_id,560569,gnis
369014489,county_name,St. Charles,gnis
369014489,feature_type,Swamp,gnis
369014504,ele,0,regular
369014504,name,Door Point Lagoon,regular
369014504,natural,bay,regular
369014504,state,LA,addr
369014504,created,06/04/1980,gnis
369014504,feature_id,560640,gnis
369014504,county_name,St. Bernard,gnis
369014504,feature_type,Bay,gnis
369014513,ele,0,regular
369014513,name,Bird Island,regular
369014513,natural,wetland,regular
369014513,state,LA,addr
369014513,source_ref,geonames.usgs.gov,regular
369014513,created,06/04/1980,gnis
369014513,feature_id,560203,gnis
369014513,county_name,St. Charles,gnis
369014513,feature_type,Swamp,gnis
369014527,ele,9,regular
369014527,name,Blue Swamp,regular
369014527,natural,wetland,regular
369014527,state,LA,addr
369014527,source_ref,geonames.usgs.gov,regular
369014527,created,06/04/1980,gnis
369014527,feature_id,560230,gnis
369014527,county_name,St. Tammany,gnis
369014527,feature_type,Swamp,gnis
369014536,ele,0,regular
369014536,name,Blind Bay,regular
369014536,natural,bay,regular
369014536,state,LA,addr
369014536,created,06/04/1980,gnis
369014536,feature_id,560216,gnis
369014536,county_name,St. Bernard,gnis
369014536,feature_type,Bay,gnis
369014543,ele,17,regular
369014543,name,Boggy Bay,regular
369014543,natural,wetland,regular
369014543,state,LA,addr
369014543,created,06/04/1980,gnis
369014543,feature_id,560236,gnis
369014543,county_name,St. Tammany,gnis
369014543,feature_type,Swamp,gnis
369014552,ele,0,regular
369014552,name,Bobs Lakes,regular
369014552,natural,bay,regular
369014552,state,LA,addr
369014552,created,06/04/1980,gnis
369014552,feature_id,560232,gnis
369014552,county_name,St. Bernard,gnis
369014552,feature_type,Bay,gnis
369014560,ele,0,regular
369014560,name,Chino Bay,regular
369014560,natural,bay,regular
369014560,state,LA,addr
369014560,created,06/04/1980,gnis
369014560,feature_id,560424,gnis
369014560,county_name,St. Bernard,gnis
369014560,feature_type,Bay,gnis
369014570,ele,0,regular
369014570,name,Breton Sound,regular
369014570,natural,bay,regular
369014570,state,LA,addr
369014570,created,06/04/1980,gnis
369014570,feature_id,560269,gnis
369014570,county_name,Plaquemines,gnis
369014570,feature_type,Bay,gnis
369014577,ele,0,regular
369014577,name,Indian Mound Bay,regular
369014577,natural,bay,regular
369014577,state,LA,addr
369014577,created,06/04/1980,gnis
369014577,feature_id,1627325,gnis
369014577,county_name,St. Bernard,gnis
369014577,feature_type,Bay,gnis
369014594,ele,0,regular
369014594,name,Johnson Bay,regular
369014594,natural,bay,regular
369014594,state,LA,addr
369014594,created,06/04/1980,gnis
369014594,feature_id,1627366,gnis
369014594,county_name,St. Bernard,gnis
369014594,feature_type,Bay,gnis
369014601,ele,0,regular
369014601,name,Johnson Island,regular
369014601,natural,wetland,regular
369014601,state,LA,addr
369014601,source_ref,geonames.usgs.gov,regular
369014601,created,06/04/1980,gnis
369014601,feature_id,1627370,gnis
369014601,county_name,St. Charles,gnis
369014601,feature_type,Swamp,gnis
369014610,ele,0,regular
369014610,name,Kerchimbo Bay,regular
369014610,natural,bay,regular
369014610,state,LA,addr
369014610,created,06/04/1980,gnis
369014610,feature_id,1627398,gnis
369014610,county_name,St. Bernard,gnis
369014610,feature_type,Bay,gnis
369014616,ele,0,regular
369014616,name,Knight Bay,regular
369014616,natural,bay,regular
369014616,state,LA,addr
369014616,source_ref,geonames.usgs.gov,regular
369014616,created,06/04/1980,gnis
369014616,feature_id,1627409,gnis
369014616,county_name,St. John the Baptist,gnis
369014616,feature_type,Bay,gnis
369014625,ele,0,regular
369014625,name,Lake Calebasse,regular
369014625,natural,bay,regular
369014625,state,LA,addr
369014625,created,06/04/1980,gnis
369014625,feature_id,1627428,gnis
369014625,county_name,St. Bernard,gnis
369014625,feature_type,Bay,gnis
369014635,ele,0,regular
369014635,name,Lake Fortuna,regular
369014635,natural,bay,regular
369014635,state,LA,addr
369014635,created,06/04/1980,gnis
369014635,feature_id,1627433,gnis
369014635,county_name,St. Bernard,gnis
369014635,feature_type,Bay,gnis
369014652,ele,0,regular
369014652,name,Eloi Bay,regular
369014652,natural,bay,regular
369014652,state,LA,addr
369014652,created,06/04/1980,gnis
369014652,feature_id,560706,gnis
369014652,county_name,St. Bernard,gnis
369014652,feature_type,Bay,gnis
369014661,ele,0,regular
369014661,name,False Mouth Bay,regular
369014661,natural,bay,regular
369014661,state,LA,addr
369014661,created,06/04/1980,gnis
369014661,feature_id,560725,gnis
369014661,county_name,St. Bernard,gnis
369014661,feature_type,Bay,gnis
369014674,ele,0,regular
369014674,name,Fishing Smack Bay,regular
369014674,natural,bay,regular
369014674,state,LA,addr
369014674,created,06/04/1980,gnis
369014674,feature_id,560750,gnis
369014674,county_name,St. Bernard,gnis
369014674,feature_type,Bay,gnis
369014686,ele,0,regular
369014686,name,Flat Bay,regular
369014686,natural,bay,regular
369014686,state,LA,addr
369014686,created,06/04/1980,gnis
369014686,feature_id,560758,gnis
369014686,county_name,St. Bernard,gnis
369014686,feature_type,Bay,gnis
369014705,ele,0,regular
369014705,name,Fritchie Marsh,regular
369014705,natural,wetland,regular
369014705,state,LA,addr
369014705,created,06/04/1980,gnis
369014705,feature_id,560804,gnis
369014705,county_name,St. Tammany,gnis
369014705,feature_type,Swamp,gnis
369014715,ele,14,regular
369014715,name,Gum Swamp,regular
369014715,natural,wetland,regular
369014715,state,LA,addr
369014715,created,06/04/1980,gnis
369014715,feature_id,560922,gnis
369014715,county_name,St. Tammany,gnis
369014715,feature_type,Swamp,gnis
369015039,ele,0,regular
369015039,name,Live Oak Bay,regular
369015039,natural,bay,regular
369015039,state,LA,addr
369015039,created,06/04/1980,gnis
369015039,feature_id,1629521,gnis
369015039,county_name,St. Bernard,gnis
369015039,feature_type,Bay,gnis
369015045,ele,0,regular
369015045,name,Redfish Bend,regular
369015045,natural,bay,regular
369015045,state,LA,addr
369015045,created,06/04/1980,gnis
369015045,feature_id,1629525,gnis
369015045,county_name,St. Bernard,gnis
369015045,feature_type,Bay,gnis
369015057,ele,0,regular
369015057,name,Drum Bay,regular
369015057,natural,bay,regular
369015057,state,LA,addr
369015057,created,06/04/1980,gnis
369015057,feature_id,1629517,gnis
369015057,county_name,St. Bernard,gnis
369015057,feature_type,Bay,gnis
369015071,ele,0,regular
369015071,name,Fox Bay,regular
369015071,natural,bay,regular
369015071,state,LA,addr
369015071,created,06/04/1980,gnis
369015071,feature_id,1629519,gnis
369015071,county_name,St. Bernard,gnis
369015071,feature_type,Bay,gnis
369015083,ele,0,regular
369015083,name,Conkey Cove,regular
369015083,natural,bay,regular
369015083,state,LA,addr
369015083,created,06/04/1980,gnis
369015083,feature_id,1629515,gnis
369015083,county_name,St. Bernard,gnis
369015083,feature_type,Bay,gnis
369015096,ele,0,regular
369015096,name,Cranetown Bay,regular
369015096,natural,bay,regular
369015096,state,LA,addr
369015096,created,06/04/1980,gnis
369015096,feature_id,1629516,gnis
369015096,county_name,St. Bernard,gnis
369015096,feature_type,Bay,gnis
369015145,ele,0,regular
369015145,name,Pokey Dutch,regular
369015145,natural,bay,regular
369015145,state,LA,addr
369015145,created,06/04/1980,gnis
369015145,feature_id,1629996,gnis
369015145,county_name,St. Bernard,gnis
369015145,feature_type,Bay,gnis
369015156,ele,0,regular
369015156,name,Gamblers Bend,regular
369015156,natural,bay,regular
369015156,state,LA,addr
369015156,created,06/04/1980,gnis
369015156,feature_id,1629946,gnis
369015156,county_name,St. Bernard,gnis
369015156,feature_type,Bay,gnis
369015162,ele,-1,regular
369015162,name,Tilitie Pond,regular
369015162,natural,bay,regular
369015162,state,LA,addr
369015162,created,01/01/2000,gnis
369015162,feature_id,1629552,gnis
369015162,county_name,Plaquemines,gnis
369015162,feature_type,Bay,gnis
369015167,ele,-1,regular
369015167,name,Gondle Pond,regular
369015167,natural,bay,regular
369015167,state,LA,addr
369015167,created,02/01/1995,gnis
369015167,feature_id,1629557,gnis
369015167,county_name,Plaquemines,gnis
369015167,feature_type,Bay,gnis
558006771,name,Raccoon Lake,regular
558006771,source,NHD,regular
558006771,natural,bay,regular
558006771,ComID,143863375,NHD
558006771,FCode,39004,NHD
558006771,FDate,2005/12/07,NHD
558006771,FTYPE,LakePond,NHD
558006771,GNIS_ID,00559711,NHD
558006771,GNIS_Name,Raccoon Lake,NHD
558006771,ReachCode,08090301009583,NHD
558006771,RESOLUTION,High,NHD
558006771,feature_id,00559711,gnis
1375274186,natural,tree,regular
1375274191,natural,tree,regular
1375274198,natural,tree,regular
1375274201,natural,tree,regular
1375274203,natural,tree,regular
1375274213,natural,tree,regular
1375274216,natural,tree,regular
1375274218,natural,tree,regular
1375274220,natural,tree,regular
1375274224,natural,tree,regular
1375274225,natural,tree,regular
1375274227,natural,tree,regular
1375274229,natural,tree,regular
3301246063,name,Lake Jesse,regular
3301246063,source,NHD,regular
3301246063,natural,water,regular
3301246063,ComID,143851754,NHD
3301246063,FCode,39004,NHD
3301246063,FDate,2009/09/10,NHD
3301246063,FTYPE,LakePond,NHD
3301246063,GNIS_ID,00554877,NHD
3301246063,GNIS_Name,Lake Jesse,NHD
3301246063,ReachCode,08090301046765,NHD
3301246063,RESOLUTION,High,NHD
3301246063,feature_id,00554877,gnis
3378142470,name,Camp Salmen Live Oak,regular
3378142470,natural,tree,regular
4064549580,natural,tree,regular
4064549581,natural,tree,regular
4064549582,natural,tree,regular
4064549583,natural,tree,regular
4064549584,natural,tree,regular
4064549585,natural,tree,regular
4064549586,natural,tree,regular
4064549587,natural,tree,regular
4064549588,natural,tree,regular
4064549689,natural,tree,regular
4064549690,natural,tree,regular
4064549691,natural,tree,regular
4064549692,natural,tree,regular
4064549693,natural,tree,regular
4064549694,natural,tree,regular
4064549695,natural,tree,regular
4064549696,natural,tree,regular
4064549697,natural,tree,regular
4064549698,natural,tree,regular
4064549699,natural,tree,regular
4064549700,natural,tree,regular
4064549701,natural,tree,regular
4064549702,natural,tree,regular
4064549703,natural,tree,regular
4064549704,natural,tree,regular
4064549705,natural,tree,regular
4064549706,natural,tree,regular
4064549707,natural,tree,regular
4064549708,natural,tree,regular
4064549709,natural,tree,regular
4064549710,natural,tree,regular
4064549711,natural,tree,regular
4064549712,natural,tree,regular
4064549713,natural,tree,regular
4064549714,natural,tree,regular
4064549715,natural,tree,regular
4064549716,natural,tree,regular
4064549717,natural,tree,regular
4064549718,natural,tree,regular
4064549719,natural,tree,regular
4064549720,natural,tree,regular
4064549721,natural,tree,regular
4064549722,natural,tree,regular
4064549723,natural,tree,regular
4064549724,natural,tree,regular
4064549725,natural,tree,regular
4064549726,natural,tree,regular
4064549727,natural,tree,regular
4506654389,natural,yes,regular
4716690803,natural,tree,regular
4716690804,natural,tree,regular
4716720001,natural,tree,regular
4716748694,natural,tree,regular
4723054095,natural,tree,regular
4723085701,natural,tree,regular
4723170692,natural,tree,regular
4723170693,natural,tree,regular
4723170694,natural,tree,regular
4723170695,natural,tree,regular
4723170696,natural,tree,regular
4723170697,natural,tree,regular
4723170698,natural,tree,regular
4723170699,natural,tree,regular
4723170700,natural,tree,regular
4723171295,natural,tree,regular
4723171296,natural,tree,regular
4723171297,natural,tree,regular
4723171298,natural,tree,regular
4723171299,natural,tree,regular
4723171300,natural,tree,regular
4723171301,natural,tree,regular
4723171302,natural,tree,regular
4723171303,natural,tree,regular
4723171304,natural,tree,regular
4723171305,natural,tree,regular
4723171306,natural,tree,regular
4723171307,natural,tree,regular
4723171308,natural,tree,regular
4723171309,natural,tree,regular
4723171310,natural,tree,regular
4723171311,natural,tree,regular
4723171312,natural,tree,regular
4723171313,natural,tree,regular
4723171314,natural,tree,regular
4723171315,natural,tree,regular
4723171316,natural,tree,regular
4723171317,natural,tree,regular
4723228489,natural,tree,regular
4723228490,natural,tree,regular
4723228491,natural,tree,regular
4723228492,natural,tree,regular
4723228493,natural,tree,regular
4723228494,natural,tree,regular
4723228495,natural,tree,regular
4723228496,natural,tree,regular
4723228497,natural,tree,regular
4723228689,natural,tree,regular
4723228690,natural,tree,regular
4723228691,natural,tree,regular
4723228692,natural,tree,regular
4723228693,natural,tree,regular
4723228889,natural,tree,regular
4723228890,natural,tree,regular
4723228891,natural,tree,regular
4723228892,natural,tree,regular
4723228893,natural,tree,regular
4723228894,natural,tree,regular
4723229089,natural,tree,regular
4723229090,natural,tree,regular
4723229091,natural,tree,regular
4723453991,natural,tree,regular
4723453992,natural,tree,regular
4723468490,natural,tree,regular
4723469190,natural,tree,regular
4723469191,natural,tree,regular
4723469192,natural,tree,regular
4727795697,natural,tree,regular
4727795698,natural,tree,regular
4727795699,natural,tree,regular
4727795700,natural,tree,regular
4727795701,natural,tree,regular
4727795703,natural,tree,regular
4727795704,natural,tree,regular
4727798895,natural,tree,regular
4727798896,natural,tree,regular
4727798897,natural,tree,regular
4727798898,natural,tree,regular
4727798899,natural,tree,regular
4727807096,natural,tree,regular
4727807299,natural,tree,regular
4727833392,natural,tree,regular
4727833393,natural,tree,regular
4727833589,natural,tree,regular
4727833689,natural,tree,regular
4745709223,natural,tree,regular
4745709224,natural,tree,regular
4745709225,natural,tree,regular
4745709226,natural,tree,regular
4745709227,natural,tree,regular
4745709228,natural,tree,regular
4745709229,natural,tree,regular
4745721626,natural,tree,regular
4745721627,natural,tree,regular
4745721725,natural,tree,regular
4745721726,natural,tree,regular
4745721727,natural,tree,regular
4745721728,natural,tree,regular
4745721729,natural,tree,regular
4745721730,natural,tree,regular
4745721731,natural,tree,regular
4745721732,natural,tree,regular
4745721733,natural,tree,regular
4745721821,natural,tree,regular
4745721822,natural,tree,regular
4745721921,natural,tree,regular
4749491030,natural,tree,regular
4749491031,natural,tree,regular
4749491032,natural,tree,regular
4749491033,natural,tree,regular
4749491230,natural,tree,regular
4749491231,natural,tree,regular
4749491232,natural,tree,regular
4749491233,natural,tree,regular
4749491338,natural,tree,regular
4756320902,name,Dueling Oak,regular
4756320902,natural,tree,regular
4756320903,description,800 years old,regular
4756320903,name,McDonogh Oak,regular
4756320903,natural,tree,regular
4758076011,name,Live Oak,regular
4758076011,natural,tree,regular
4758515695,name,giant live oak,regular
4758515695,natural,tree,regular
4760064124,natural,tree,regular
4760064125,natural,tree,regular
4760064126,natural,tree,regular
4760064127,natural,tree,regular
4760064128,natural,tree,regular
4760064129,natural,tree,regular
4760085722,natural,tree,regular
4760085924,natural,tree,regular
4760085925,natural,tree,regular
4760085926,natural,tree,regular
4788948531,natural,tree,regular
4788948532,natural,tree,regular
